geo,eu_fborn,fborn,native_born,non_eu_fborn,OTH,total_pop,UNK,pct_fborn,pct_non_eu_fborn,pct_eu_fborn,pct_fborn_sq,pct_non_eu_fborn_sq,pct_eu_fborn_sq,country_code,non_eu_prop
BE,765523,1517608,9371282,752085,111204,11000638,544,0.13795636216735793,0.06836739832726066,0.06958896384009727,0.019031957862451227,0.004674101154038324,0.0048426238883383654,BE,0.49557263799347395
BE1,191268,454453,654748,263185,27309,1136778,268,0.3997728668218421,0.23151837913823103,0.16825448768361104,0.1598183450469543,0.05360075987879369,0.028309572625674417,BE,0.5791247939830961
BE10,191268,454453,654748,263185,27309,1136778,268,0.3997728668218421,0.23151837913823103,0.16825448768361104,0.1598183450469543,0.05360075987879369,0.028309572625674417,BE,0.5791247939830961
BE2,286507,590145,5677340,303638,58146,6325740,109,0.0932926424418329,0.04800039204899348,0.04529225039283941,0.008703517133779681,0.0023040376368570763,0.0020513879456476617,BE,0.5145142295537537
BE21,94603,213100,1536503,118497,23620,1773267,44,0.12017366815036878,0.06682411616524754,0.05334955198512125,0.01444171051671496,0.004465462501266498,0.0028461746970131546,BE,0.5560628812763961
BE22,67928,105590,735506,37662,5744,846851,11,0.12468545234049437,0.044472994659036834,0.08021245768145754,0.015546462025353694,0.001977847253942719,0.006434038367299617,BE,0.35668150393029646
BE23,39248,99427,1337002,60179,12487,1448928,12,0.06862107709975927,0.041533464740829085,0.027087612358930188,0.004708852222331106,0.0017250286933776927,7.337387433076674e-4,BE,0.6052581290796263
BE24,54701,114446,966569,59745,7644,1088692,33,0.10512247724792687,0.05487777994143431,0.05024469730649256,0.011050735222740901,0.0030115707313004897,0.0025245296074210607,BE,0.5220365936773675
BE25,30027,57582,1101760,27555,8651,1168002,9,0.04929957311716932,0.023591569192518504,0.025708003924650814,0.002430447909535124,5.565621369653882e-4,6.609014657898616e-4,BE,0.47853495884130454
BE3,287748,473010,3039194,185262,25749,3538120,167,0.13368964308728928,0.05236170621686093,0.08132793687042836,0.017872920668806795,0.002741748277940853,0.006614233315600381,BE,0.3916661381366145
BE31,26833,52599,329144,25766,1890,383648,15,0.1371022395529235,0.06716052214529986,0.06994171740762366,0.01879702409042722,0.004510535734829312,0.004891843833927886,BE,0.4898572216201829
BE32,123408,182966,1131852,59558,4884,1319745,43,0.13863738828334263,0.045128414958950404,0.09350897332439222,0.019220325430026306,0.0020365738367072186,0.008743928092181896,BE,0.3255140299290578
BE33,93048,164872,904429,71824,12741,1082136,94,0.15235792913275226,0.06637243377911833,0.08598549535363392,0.02321293856962076,0.004405299965763448,0.007393505411209801,BE,0.43563491678392935
BE34,23436,33240,237796,9804,2163,273205,6,0.12166688018154866,0.03588514119434125,0.08578173898720741,0.014802829733111316,0.0012877433585378071,0.0073585067436693795,BE,0.2949458483754513
BE35,21023,39333,435973,18310,4071,479386,9,0.082048703967158,0.03819469070853133,0.04385401325862666,0.006731989822690328,0.0014588343983203693,0.0019231744788878028,BE,0.4655124195967762
BEZ,0,0,0,0,0,0,0,NA,NA,NA,NA,NA,NA,BE,NA
BEZZ,0,0,0,0,0,0,0,NA,NA,NA,NA,NA,NA,BE,NA
BG,24076,78643,7285783,54567,0,7364570,144,0.010678559644351266,0.0074093938953666,0.0032691657489846656,1.1403163607796743e-4,5.4899117896695835e-5,1.068744469433447e-5,BG,0.6938570502142594
BG3,14185,37531,3714789,23346,0,3752349,29,0.010002001412981574,0.006221702725412802,0.0037802986875687737,1.0004003226528541e-4,3.8709584803409086e-5,1.4290658167234193e-5,BG,0.6220457754922598
BG31,1440,5384,841749,3944,0,847138,5,0.006355517046809375,0.004655675934735545,0.0016998411120738297,4.0392596932284556e-5,2.167531840927569e-5,2.889459806296394e-6,BG,0.7325408618127786
BG32,3580,8306,852804,4726,0,861112,NA,0.009645667462536813,0.00548825239922333,0.004157415063313483,9.303890079784136e-5,3.0120914397580633e-5,1.7284100008665855e-5,BG,0.5689862749819408
BG33,6483,14312,951772,7829,0,966097,13,0.014814247430641022,0.008103741135724466,0.006710506294916556,2.1946192693625413e-4,6.567062039483285e-5,4.503089473411473e-5,BG,0.547023476802683
BG34,2682,9529,1068464,6847,0,1078002,9,0.008839501225415167,0.006351565210454155,0.0024879360149610112,7.813678191411624e-5,4.0342380622651535e-5,6.189825614540077e-6,BG,0.7185433938503515
BG4,9891,41112,3570994,31221,0,3612221,115,0.011381363432636044,0.008643158876491776,0.002738204556144267,1.295354335857449e-4,7.470419536427858e-5,7.497764191289223e-6,BG,0.7594133099824869
BG41,6555,29741,2103007,23186,0,2132848,100,0.013944266070531047,0.010870910632168818,0.0030733554383622274,1.9444255624576336e-4,1.1817669797260105e-4,9.445513650510678e-6,BG,0.7795971890655996
BG42,3336,11371,1467987,8035,0,1479373,15,0.007686364426010208,0.005431355040277199,0.00225500938573301,5.908019808943524e-5,2.9499617573544533e-5,5.085067329743966e-6,BG,0.70662210887345
BGZ,0,0,0,0,0,0,0,NA,NA,NA,NA,NA,NA,BG,NA
BGZZ,0,0,0,0,0,0,0,NA,NA,NA,NA,NA,NA,BG,NA
CZ,384622,693959,9691367,309337,0,10436560,51234,0.06649307817901684,0.029639747196394214,0.036853330982622626,0.0044213294457208455,8.785146138661587e-4,0.0013581680045147326,CZ,0.4457568818907169
CZ0,384622,693959,9691367,309337,0,10436560,51234,0.06649307817901684,0.029639747196394214,0.036853330982622626,0.0044213294457208455,8.785146138661587e-4,0.0013581680045147326,CZ,0.4457568818907169
CZ01,62831,187565,1063790,124734,0,1268796,17441,0.14782912304263254,0.09830894801055488,0.04952017503207765,0.02185344961955379,0.009664649258941983,0.002452247735207607,CZ,0.6650174606136539
CZ02,43279,81255,1202067,37976,0,1289211,5889,0.06302692111686915,0.02945677627634266,0.03357014484052649,0.003972392785472047,8.677016685945038e-4,0.0011269546246139275,CZ,0.46736816195926406
CZ03,38130,64647,1128880,26517,0,1198737,5210,0.05392926054672543,0.022120782123184652,0.03180847842354078,0.002908365143116596,4.893290017414057e-4,0.0010117792996208594,CZ,0.41018144693489256
CZ04,53247,91379,1007000,38132,0,1104556,6177,0.08272916900546463,0.03452246875667689,0.048206700248787746,0.00684411540433473,0.001191800849055732,0.0023238859488764725,CZ,0.41729500213396953
CZ05,48291,77446,1408602,29155,0,1491982,5934,0.051908132939941634,0.0195411204692818,0.03236701247065983,0.002694454265310654,3.8185538919498414e-4,0.001047623496275849,CZ,0.3764558531105544
CZ06,45371,76747,1587685,31376,0,1669073,4641,0.04598181146061317,0.018798458785205918,0.02718335267540725,0.0021143269851993766,3.5338205269908556e-4,7.389346626755705e-4,CZ,0.40882379767287313
CZ07,33372,44103,1161524,10731,0,1208371,2744,0.03649789675521839,0.008880550758003957,0.02761734599721443,0.001332096467554581,7.886418176548466e-5,7.62717799929856e-4,CZ,0.2433167811713489
CZ08,60101,70817,1131819,10716,0,1205834,3198,0.05872864755845332,0.008886795363209198,0.04984185219524412,0.003449054044045025,7.89751318275565e-5,0.002484210230252561,CZ,0.15131959840151377
CZZ,0,0,0,0,0,0,0,NA,NA,NA,NA,NA,NA,CZ,NA
CZZZ,0,0,0,0,0,0,0,NA,NA,NA,NA,NA,NA,CZ,NA
DK,160023,501911,5042685,341888,14568,5560628,1464,0.09026156757833828,0.06148370291988603,0.028777864658452248,0.00814715058169893,0.003780245724740802,8.281654943001949e-4,DK,0.6811725584814837
DK0,160023,501911,5042685,341888,14568,5560628,1464,0.09026156757833828,0.06148370291988603,0.028777864658452248,0.00814715058169893,0.003780245724740802,8.281654943001949e-4,DK,0.6811725584814837
DK01,67169,226073,1464817,158904,7940,1699387,557,0.1330320874527109,0.0935066585774753,0.0395254288752356,0.01769753629202572,0.008743495198324534,0.0015622595277713083,DK,0.7028880052018597
DK02,15622,50866,766921,35244,1718,819763,258,0.06204964117677914,0.04299291380557552,0.01905672737120363,0.0038501579701670455,0.0018483906374936459,3.631588581003816e-4,DK,0.6928793300043251
DK03,34191,92588,1104850,58397,2896,1200656,322,0.077114510734132,0.0486375781239589,0.028476932610173106,0.00594664776576456,0.0023656140057642053,8.109356908843404e-4,DK,0.6307188836566294
DK04,31462,96537,1162749,65075,1485,1260993,222,0.076556332985195,0.05160615483194594,0.024950178153249066,0.005860872120140056,0.002663195216538777,6.22511389878867e-4,DK,0.67409387074386
DK05,11579,35847,543348,24268,529,579829,105,0.06182339965748523,0.041853718941274064,0.01996968071621116,0.0038221327452091446,0.0017517337892151634,3.987881479074159e-4,DK,0.6769883114347086
DKZ,0,0,0,0,0,0,0,NA,NA,NA,NA,NA,NA,DK,NA
DKZZ,0,0,0,0,0,0,0,NA,NA,NA,NA,NA,NA,DK,NA
DE,5220600,10906210,65757580,5685610,423080,79652350,2565440,0.13692263944503835,0.07138031709045621,0.06554232235458213,0.01874780919259597,0.005095149667934075,0.004295796019631956,DE,0.5213185882171716
DE1,779090,1750680,8207370,971580,94020,10411000,358910,0.1681567572759581,0.0933224474113918,0.07483334934204207,0.028276695017565488,0.008709079190851989,0.005600030173748108,DE,0.554972924806361
DE11,332900,714320,3004460,381420,38600,3888640,131250,0.18369404213298224,0.09808570605661619,0.08560833607636603,0.033743501115153854,0.009620805732624915,0.007328787205764034,DE,0.5339623698062492
DE12,196920,444170,2069390,247250,23150,2643790,107090,0.1680050230918492,0.09352104365324024,0.07448397943860896,0.028225687784092783,0.008746185605991266,0.005547863193011123,DE,0.5566562352252516
DE13,136890,333030,1714410,196150,16730,2131030,66850,0.15627654232929616,0.09204469200339742,0.06423654289240414,0.024422357682400295,0.008472225326000293,0.004126333442767678,DE,0.5889859772392877
DE14,112390,259160,1419120,146770,15530,1747540,53720,0.14829989585359993,0.08398663263787953,0.06431326321572038,0.021992859110188584,0.007053754461850132,0.0041361958254545325,DE,0.5663296805062509
DE2,918550,1755050,10162260,836500,53980,12308250,336920,0.14259135132939288,0.06796254544715942,0.07462880588223346,0.020332293473942352,0.00461890758365721,0.005569458667408083,DE,0.47662459758981224
DE21,392070,718180,3415100,326120,21530,4295510,140690,0.16719318544247366,0.07592113625623034,0.0912743771985166,0.02795356125840139,0.005764018930437094,0.008331011932977085,DE,0.45409228884123753
DE22,72560,129970,1001620,57420,4410,1165480,29480,0.11151628513573807,0.04926725469334523,0.06225761059820847,0.012435881850475235,0.0024272623850189476,0.003876010077398159,DE,0.4417942602138955
DE23,57840,113140,921380,55300,2570,1064090,27000,0.1063255927600109,0.051969288312078865,0.05435630444793203,0.011305131675767683,0.002700806927663977,0.0029546078332362757,DE,0.4887749690648754
DE24,54750,108840,921960,54090,2480,1056800,23520,0.1029901589704769,0.05118281604844815,0.051807342922028765,0.010606972844764105,0.002619680658649281,0.002684000780640684,DE,0.49696802646086
DE25,146340,280230,1341460,133900,7370,1669840,40750,0.1678184736262157,0.08018732333636755,0.08763713888755809,0.02816304009023285,0.006430006823851156,0.007680268112397146,DE,0.4778217892445491
DE26,68330,149880,1106220,81540,4190,1290990,30710,0.11609694885320568,0.06316083006065112,0.05292837279916963,0.013478501533023855,0.0039892904539504505,0.0028014126471678793,DE,0.544035228182546
DE27,126680,254810,1454520,128140,11430,1765540,44780,0.14432411613444046,0.07257836129456144,0.07175141882936666,0.020829450497987456,0.005267618528203894,0.005148266104027192,DE,0.5028845021780934
DE3,221980,540520,2610170,318540,15550,3269260,103030,0.16533405113083693,0.09743489352330496,0.06789915760753198,0.027335348463334203,0.009493558475897775,0.004610295603812468,DE,0.5893213942129801
DE30,221980,540520,2610170,318540,15550,3269260,103030,0.16533405113083693,0.09743489352330496,0.06789915760753198,0.027335348463334203,0.009493558475897775,0.004610295603812468,DE,0.5893213942129801
DE4,136350,181900,2189210,45550,3260,2439110,64730,0.07457638236897884,0.018674844512957596,0.055901537856021255,0.005561636807244139,3.4874981758314244e-4,0.0031249819346681773,DE,0.2504123144584937
DE40,136350,181900,2189210,45550,3260,2439110,64730,0.07457638236897884,0.018674844512957596,0.055901537856021255,0.005561636807244139,3.4874981758314244e-4,0.0031249819346681773,DE,0.2504123144584937
DE5,47830,114190,497210,66360,14920,647000,20670,0.17649149922720248,0.10256568778979908,0.0739258114374034,0.031149249299465612,0.01051972031179454,0.0054650255966785235,DE,0.5811367019879149
DE50,47830,114190,497210,66360,14920,647000,20670,0.17649149922720248,0.10256568778979908,0.0739258114374034,0.031149249299465612,0.01051972031179454,0.0054650255966785235,DE,0.5811367019879149
DE6,109950,301800,1293790,191850,5010,1693110,92500,0.17825185605188085,0.11331218881230398,0.06493966723957688,0.031773724185940454,0.012839652133435228,0.0042171603811869745,DE,0.635685884691849
DE60,109950,301800,1293790,191850,5010,1693110,92500,0.17825185605188085,0.11331218881230398,0.06493966723957688,0.031773724185940454,0.012839652133435228,0.0042171603811869745,DE,0.635685884691849
DE7,428580,1014200,4657410,585620,38110,5946060,236340,0.1705667282200314,0.09848874717039519,0.07207798104963622,0.02909300877568606,0.009700033319194026,0.005195235352191719,DE,0.5774206270952476
DE71,312220,718020,2833810,405800,23980,3726860,151040,0.19266084585951712,0.10888522777888088,0.08377561808063624,0.03711820152730461,0.011855992828458771,0.007018354184792627,DE,0.5651653157293669
DE72,56530,143760,825760,87220,6030,1019860,44320,0.1409605239934893,0.08552154217245504,0.05542917655364462,0.01986986932451907,0.0073139341755550065,0.0030723936134151066,DE,0.6067056204785755
DE73,59830,152430,997840,92600,8100,1199340,40980,0.12709490219620792,0.07720913168909567,0.049885770507112244,0.016153114164263658,0.005961250016184117,0.00248859009908827,DE,0.6074919635242406
DE8,107790,139980,1400660,32190,4570,1585740,40530,0.08827424420144538,0.02029967081614893,0.06797457338529646,0.007792342189336413,4.120766352440085e-4,0.004620542626913054,DE,0.22996142306043724
DE80,107790,139980,1400660,32190,4570,1585740,40530,0.08827424420144538,0.02029967081614893,0.06797457338529646,0.007792342189336413,4.120766352440085e-4,0.004620542626913054,DE,0.22996142306043724
DE9,475440,997790,6454980,522350,50010,7723680,220900,0.12918582851697635,0.06762967911669049,0.06155614940028587,0.01668897828961762,0.004573773497426522,0.0037891595289903145,DE,0.5235069503602963
DE91,120040,222950,1291160,102910,9460,1565800,42230,0.14238727806871887,0.06572359177417295,0.07666368629454592,0.02027413695581867,0.004319590515698133,0.005877320796268549,DE,0.4615833146445391
DE92,150650,317010,1690550,166360,13220,2079440,58660,0.1524496979956142,0.08000230831377679,0.07244738968183742,0.023240910418953976,0.006400369335532599,0.005248624271712003,DE,0.5247783981577868
DE93,87600,172190,1426920,84590,7870,1656010,49040,0.10397884070748364,0.0510806094166098,0.05289823129087385,0.010811599314872258,0.002609228658372246,0.0027982228737027854,DE,0.49125965503223185
DE94,117150,285630,2046350,168490,19450,2422430,70980,0.11791052785839012,0.06955412540300442,0.0483605305416462,0.013902892579844194,0.004837776360576865,0.002338740914269495,DE,0.5898890172600917
DEA,1229150,2702830,13988930,1473680,87090,17436000,657180,0.15501433815095206,0.08451938518008717,0.07049495297086487,0.02402944503237771,0.007143526471219939,0.004969538394364451,DE,0.5452359193881967
DEA1,394400,826930,4032700,432530,17520,5048320,171210,0.16380300773326573,0.08567800773326573,0.078125,0.026831425342464313,0.007340721009141541,0.006103515625,DE,0.5230551558173001
DEA2,296830,674060,3374610,377230,21430,4262300,192200,0.15814466367923422,0.08850385941862375,0.06964080426061046,0.0250097346502181,0.007832933131991515,0.004849841618064661,DE,0.5596386078390648
DEA3,140600,313950,2147660,173340,10230,2554820,82980,0.12288536961508051,0.06784822414103538,0.05503323130396662,0.015100814065434951,0.004603381519092176,0.0030286565477558912,DE,0.5521261347348304
DEA4,124080,337530,1578020,213450,17780,2014880,81560,0.16751866116096245,0.10593682998491226,0.061581831176050185,0.02806250183716135,0.011222611947252206,0.0037923219309955467,DE,0.6323882321571416
DEA5,273240,550370,2855950,277120,20140,3555680,129240,0.15478614498492552,0.07793727219547315,0.07684606038788643,0.023958750679294382,0.0060742183972712725,0.0059053169971386875,DE,0.5035158166324473
DEB,199040,476090,3323020,277050,29650,3969390,140650,0.11994034347846898,0.06979661862402031,0.050143724854448665,0.014385685993733115,0.004871567971346939,0.002514393142278653,DE,0.581927786763007
DEB1,60980,168320,1237840,107340,11510,1474490,56820,0.11415472468446718,0.07279805220788205,0.04135667247658512,0.0130313011677865,0.00529955640526152,0.0017103743583355335,DE,0.6377138783269962
DEB2,25210,49600,443950,24380,1990,514530,19020,0.09639865508327988,0.04738304860746701,0.048996171263094475,0.009292700701865162,0.0022451532953375814,0.002400624798442485,DE,0.49153225806451617
DEB3,112850,258180,1641240,145320,16160,1980370,64810,0.13036957740220262,0.07338022692729136,0.056984300913465666,0.0169962267120289,0.005384657703900776,0.003247210550596404,DE,0.56286311875435735
DEC,46060,103410,863320,57350,2750,993510,24020,0.10408551499230002,0.057724632867308834,0.04636088212499119,0.010833794431212313,0.0033321332396655913,0.0021493313914073275,DE,0.5545885310898366
DED,169740,251230,3676360,81490,7110,4008600,73900,0.06267275357980343,0.02032879309484608,0.042343960484957345,0.003927874041274763,4.132598286930617e-4,0.001793010989551629,DE,0.3243641284878398
DED2,77250,108070,1432310,30820,4250,1573130,28500,0.06869743759257023,0.019591515005117188,0.04910592258745304,0.004719337931785081,3.8382746019573194e-4,0.002411391633164931,DE,0.28518552789858426
DED4,50980,75160,1385650,24180,1700,1483190,20670,0.050674559564182604,0.016302698912479183,0.034371860651703424,0.0025679109870238906,2.6577799183094997e-4,0.0011814248046601182,DE,0.32171367748802554
DED5,41520,68000,858410,26480,1160,952290,24730,0.07140681935124804,0.02780665553560365,0.0436001638156444,0.005098933849861772,7.732100920757171e-4,0.001900974284751027,DE,0.3894117647058824
DEE,103120,145080,2069750,41960,4850,2267610,47930,0.06397925569211636,0.018504063749939362,0.04547519194217701,0.004093345158917204,3.4240037526181996e-4,0.0020679930821778407,DE,0.28921974083264407
DEE0,103120,145080,2069750,41960,4850,2267610,47930,0.06397925569211636,0.018504063749939362,0.04547519194217701,0.004093345158917204,3.4240037526181996e-4,0.0020679930821778407,DE,0.28921974083264407
DEF,164020,308920,2369670,144890,8140,2781020,94290,0.11108154561995238,0.05209958935929983,0.0589783604576738,0.012339109777317564,0.002714367211407668,0.0034784470022753006,DE,0.4690211057879063
DEF0,164020,308920,2369670,144890,8140,2781020,94290,0.11108154561995238,0.05209958935929983,0.0589783604576738,0.012339109777317564,0.002714367211407668,0.0034784470022753006,DE,0.4690211057879063
DEG,83910,122550,1993470,38650,4080,2173040,52950,0.056395648492434565,0.01778614291499466,0.038614107425542096,0.003180469168882237,3.163468797926148e-4,0.0014910492922713052,DE,0.31538147694818436
DEG0,83910,122550,1993470,38650,4080,2173040,52950,0.056395648492434565,0.01778614291499466,0.038614107425542096,0.003180469168882237,3.163468797926148e-4,0.0014910492922713052,DE,0.31538147694818436
DEZ,0,0,0,0,0,0,0,NA,NA,NA,NA,NA,NA,DE,NA
DEZZ,0,0,0,0,0,0,0,NA,NA,NA,NA,NA,NA,DE,NA
EE,12051,197356,1096859,185305,3,1294455,237,0.15246261940353276,0.14315290991189342,0.009309709491639338,0.023244850315386482,0.020492755616242673,8.667069081871958e-5,EE,0.9389377571495165
EE0,12051,197356,1096859,185305,3,1294455,237,0.15246261940353276,0.14315290991189342,0.009309709491639338,0.023244850315386482,0.020492755616242673,8.667069081871958e-5,EE,0.9389377571495165
EE00,12051,197356,1096859,185305,3,1294455,237,0.15246261940353276,0.14315290991189342,0.009309709491639338,0.023244850315386482,0.020492755616242673,8.667069081871958e-5,EE,0.9389377571495165
EEZ,0,0,0,0,0,0,0,NA,NA,NA,NA,NA,NA,EE,NA
EEZZ,0,0,0,0,0,0,0,NA,NA,NA,NA,NA,NA,EE,NA
IE,554600,766640,3758511,212040,130,4574888,49607,0.16757568709878798,0.04634867563970965,0.12122701145907834,0.028081610906630895,0.002148199733555015,0.01469598830729951,IE,0.2765835333402901
IE0,554600,766640,3758511,212040,130,4574888,49607,0.16757568709878798,0.04634867563970965,0.12122701145907834,0.028081610906630895,0.002148199733555015,0.01469598830729951,IE,0.2765835333402901
IE01,172538,215993,1012242,43455,22,1240129,11872,0.17416978394989555,0.03504070947457885,0.1391290744753167,0.03033511364115329,0.0012278513204818401,0.019356899364358218,IE,0.2011870755070766
IE02,382062,550647,2746269,168585,108,3334759,37735,0.1651234766890201,0.050553878106333924,0.11456959858268619,0.027265762553869366,0.0025556945915900684,0.013126192919397848,IE,0.30615802864630154
IEZ,0,0,0,0,0,0,0,NA,NA,NA,NA,NA,NA,IE,NA
IEZZ,0,0,0,0,0,0,0,NA,NA,NA,NA,NA,NA,IE,NA
EL,341568,1286067,9530219,944499,0,10816286,0,0.11890097950442509,0.08732193287048808,0.03157904663393701,0.014137442927111716,0.007625119960238026,9.972361863083681e-4,EL,0.7344088605026021
EL1,123617,383336,3123405,259719,0,3506741,0,0.1093140326017804,0.07406278365011844,0.035251248951661956,0.011949557723663106,0.005485295922004251,0.0012426505526520481,EL,0.677523112882693
EL51,26602,64686,543496,38084,0,608182,0,0.10635960945901063,0.06261941326773893,0.043740196191271695,0.011312366524273263,0.003921190917995878,0.0019132047628509388,EL,0.5887518164672416
EL52,72376,241469,1640639,169093,0,1882108,0,0.12829710091025595,0.08984234698540147,0.03845475392485447,0.016460146101976398,0.008071647311845277,0.0014787680994211103,EL,0.7002679432970691
EL53,7743,21882,261807,14139,0,283689,0,0.07713376267673402,0.04983978934678468,0.027293973329949345,0.005949617344670727,0.002484004602131872,7.449609801359862e-4,EL,0.646147518508363
EL61,16896,55299,677463,38403,0,732762,0,0.0754665225543901,0.05240855830406053,0.023057964250329573,0.00569519602645227,0.0027466569835101116,5.316697153694767e-4,EL,0.6944610209949548
EL2,65396,224593,2125207,159197,0,2349800,0,0.09557962379777002,0.06774917014213976,0.027830453655630267,0.009135464485323245,0.004589950054948601,7.745341506781841e-4,EL,0.7088244068158848
EL54,9995,29695,307161,19700,0,336856,0,0.08815339492245945,0.05848196261904196,0.029671432303417483,0.0077710210363551,0.003420139951775021,8.803938949362866e-4,EL,0.6634113487119043
EL62,8467,27599,180256,19132,0,207855,0,0.13278006302470471,0.09204493517115296,0.04073512785355175,0.017630545136844557,0.008472270090661751,0.001659350641245208,EL,0.6932135222290663
EL63,11991,47912,631884,35921,0,679796,0,0.07047996751966766,0.0528408522556767,0.01763911526399096,0.004967425821573408,0.0027921556671062536,3.111383872963589e-4,EL,0.7497286692269161
EL64,11588,53077,494313,41489,0,547390,0,0.09696377354354299,0.07579422349695829,0.021169550046584704,0.009401973379803488,0.005744764315506864,4.481498491748544e-4,EL,0.7816756787309004
EL65,23355,66310,511593,42955,0,577903,0,0.11474243947513683,0.07432908290837736,0.04041335656675947,0.013165827416705439,0.005524812566000436,0.0016332393889920407,EL,0.6477906801387423
EL3,105181,550027,3278407,444846,0,3828434,0,0.14366892572785636,0.1161952902936292,0.027473635434227154,0.020640760219796307,0.01350134548642076,7.548006439728218e-4,EL,0.8087712057771709
EL30,105181,550027,3278407,444846,0,3828434,0,0.14366892572785636,0.1161952902936292,0.027473635434227154,0.020640760219796307,0.01350134548642076,7.548006439728218e-4,EL,0.8087712057771709
EL4,47374,128111,1003200,80737,0,1131311,0,0.11324118655259252,0.07136587551964049,0.041875311032952035,0.012823566331839061,0.005093088188684822,0.0017535416741064744,EL,0.6302113011372951
EL41,4093,16515,182716,12422,0,199231,0,0.08289372637792311,0.06234973473003699,0.02054399164788612,0.006871369872817986,0.003887489420905981,4.220555928284147e-4,EL,0.7521646987587043
EL42,13755,43421,265594,29666,0,309015,0,0.14051421452033072,0.09600181220976328,0.044512402310567446,0.01974424448226552,0.009216347947558655,0.00198135395945781,EL,0.683217797839755
EL43,29526,68175,554890,38649,0,623065,0,0.10941876048245368,0.062030446261625995,0.04738831422082768,0.011972465145516567,0.0038477762634164703,0.002245652324691899,EL,0.5669086908690869
ELS,NA,NA,NA,NA,0,NA,0,NA,NA,NA,NA,NA,NA,EL,NA
ELZ,0,0,0,0,0,0,0,NA,NA,NA,NA,NA,NA,EL,NA
ES,1890605,5648995,41153550,3758390,0,46815910,13370,0.12066400076384289,0.08028018679974393,0.04038381396409896,0.014559801080336677,0.006444908392601779,0.001630852430286954,ES,0.665320114462838
ES1,89515,286965,4152730,197450,0,4440655,955,0.06462222352333158,0.044464161255490464,0.020158062267841118,0.004176031773099429,0.0019770616361542595,4.063474743941598e-4,ES,0.6880630041991184
ES11,54335,178325,2593930,123990,0,2772930,675,0.06430923247251102,0.044714435633066825,0.0195947968394442,0.004135677381203466,0.001999380753983676,3.839560631790924e-4,ES,0.6953035188560213
ES12,22870,64630,1010395,41765,0,1075185,160,0.06011058562014909,0.038844477927054415,0.021270758055590432,0.0036132825035972748,0.0015088934654254177,4.5244514825946525e-4,ES,0.6462169271236268
ES13,12315,44010,548410,31695,0,592540,125,0.07427346677017585,0.053490059742802173,0.02078340702737368,0.005516547866060416,0.002861186491288546,4.3195000766548566e-4,ES,0.7201772324471711
ES2,144800,433565,4056180,288760,0,4491205,1455,0.09653645291185774,0.06429454901301544,0.032240790611873654,0.009319286740803326,0.004133789032787045,0.0010394685792786804,ES,0.6660131698822552
ES21,36800,151615,2033250,114815,0,2185395,530,0.06937647427581742,0.05253741314499209,0.016839061130825318,0.004813095182943156,0.002760179779967588,2.83553979767672e-4,ES,0.757279952511295
ES22,21170,72025,567930,50860,0,640130,175,0.11251620764532204,0.07945261118835237,0.03307140737037789,0.012659896982885225,0.006312717424647496,0.0010937179854574853,ES,0.7061437001041305
ES23,14665,43670,277390,29005,0,321175,110,0.13596948703977582,0.09030902156145404,0.04566046547832179,0.018487701405859765,0.00815571937538717,0.002084878107697016,ES,0.6641859400045799
ES24,72170,166250,1177615,94085,0,1344510,645,0.12365099552997003,0.06997716640262995,0.053677547954273305,0.015289568695552667,0.0048968038177413615,0.0028812791543833104,ES,0.5659248120300752
ES3,308520,1022745,5396600,714225,0,6421875,2530,0.15925956204379563,0.11121751824817518,0.04804204379562044,0.02536360810238159,0.012369336365283179,0.002308037972060312,ES,0.6983412287520349
ES30,308520,1022745,5396600,714225,0,6421875,2530,0.15925956204379563,0.11121751824817518,0.04804204379562044,0.02536360810238159,0.012369336365283179,0.002308037972060312,ES,0.6983412287520349
ES4,184855,437055,5312130,252195,0,5751015,1835,0.07599615024478287,0.04385225912295482,0.032143021710080745,0.005775414852027612,0.001923020630186774,0.0010331738446547221,ES,0.5770326389127227
ES41,77460,180525,2358590,103065,0,2540190,1070,0.07106751857144544,0.04057373661025356,0.03049378196119188,0.005050592195902743,0.0016462281025182302,9.298707382967114e-4,ES,0.5709181553801412
ES42,88315,213205,1892655,124890,0,2106330,475,0.10122108121709324,0.05929270342254063,0.04192837779455261,0.010245707282757385,0.0035156246791533613,0.0017579888644827322,ES,0.5857742548251683
ES43,19080,43325,1060885,24240,0,1104500,290,0.0392258940697148,0.021946582163875055,0.01727478497057492,0.0015386707655684869,4.816524686757187e-4,2.9841819577960114e-4,ES,0.5594922100403924
ES5,701800,2173345,11452690,1471545,0,13630275,4240,0.15944982768139307,0.1079615048118985,0.05148832286949456,0.025424247547625945,0.011655686521249584,0.0026510473919133166,ES,0.6770876229958888
ES51,251660,1154655,6362625,902990,0,7519840,2565,0.1535478148471244,0.12008101236196515,0.033466137577395264,0.023576931444326796,0.014419449529874428,0.0011199823643491473,ES,0.7820431211054385
ES52,365330,784510,4224090,419175,0,5009930,1330,0.15659101025363628,0.08366883369627919,0.0729211785394207,0.024520744492254422,0.007000473732095623,0.005317498279578071,ES,0.5343144128181923
ES53,84805,234185,865975,149380,0,1100505,345,0.21279776102789175,0.1357376840632255,0.07706007696466623,0.04528288709848372,0.018424718874848024,0.005938255461800283,ES,0.6378717680466297
ES6,349650,971250,9024970,621600,0,9998235,2020,0.09714214558869641,0.0621709731767657,0.03497117241193071,0.00943659644957549,0.0038652299057461196,0.0012229828998649834,ES,0.6399999999999999
ES61,296095,719010,7650575,422915,0,8371270,1685,0.08589019348318713,0.05051981360056479,0.03537037988262235,0.007377125336579322,0.002552251566235811,0.001251063773041016,ES,0.5881907066661104
ES62,52470,225475,1236460,173005,0,1462130,190,0.1542099539712611,0.11832395204256803,0.035886001928693075,0.02378070990381847,0.014000557626971938,0.001287805134426163,ES,0.7672912739771592
ES63,605,9875,73630,9270,0,83515,10,0.11824223193438305,0.11099802430701072,0.0072442076273723285,0.013981225412824434,0.012320561400059743,5.2478544148479424e-5,ES,0.9387341772151899
ES64,480,16885,64305,16405,0,81325,130,0.20762373193974792,0.20172148785736244,0.00590224408238549,0.0431076140645883,0.04069155866338802,3.483648520805454e-5,ES,0.9715724015398283
ES7,111460,324070,1758245,212610,0,2082655,340,0.15560426474860214,0.1020860392143682,0.053518225534233944,0.024212687207953068,0.01042155940247752,0.00286420046433313,ES,0.656061961921807
ES70,111460,324070,1758245,212610,0,2082655,340,0.15560426474860214,0.1020860392143682,0.053518225534233944,0.024212687207953068,0.01042155940247752,0.00286420046433313,ES,0.656061961921807
ESZ,0,0,0,0,0,0,0,NA,NA,NA,NA,NA,NA,ES,NA
ESZZ,0,0,0,0,0,0,0,NA,NA,NA,NA,NA,NA,ES,NA
FR,2122668,7325037,57606286,5202368,0,64932339,1016,0.11281030550893908,0.08011983058241595,0.03269045952587662,0.012726165029020173,0.006419187252555035,0.0010686661440129773,FR,0.7102172999262666
FR1,568710,2515076,9336597,1946366,0,11851840,168,0.2122097497097497,0.1642247954747955,0.04798495423495423,0.045032977871874616,0.026969783448738408,0.0023025558329306524,FR,0.7738795964813787
FR10,568710,2515076,9336597,1946366,0,11851840,168,0.2122097497097497,0.1642247954747955,0.04798495423495423,0.045032977871874616,0.026969783448738408,0.0023025558329306524,FR,0.7738795964813787
FR2,227216,689629,10079887,462413,0,10769797,281,0.06403361177559799,0.04293609248159459,0.021097519294003407,0.004100303437028002,0.0018435080375880438,4.4510532036084603e-4,FR,0.6705242963970484
FR21,33629,92986,1243327,59356,0,1336338,26,0.06958269539592528,0.044416906501199546,0.025165040581050603,0.004841751498562121,0.0019728615831363025,6.332792674459236e-4,FR,0.638332652227217
FR22,37480,116139,1801413,78659,0,1917736,184,0.06056047339154086,0.041016594567761154,0.01954387882377971,0.0036675709374075285,0.0016823610299360938,3.8196319947858494e-4,FR,0.6772832554094663
FR23,23279,101800,1737974,78521,0,1839808,35,0.05533186071590079,0.04267890997321459,0.012652950742686193,0.0030616148102838446,0.001821489356501756,1.600971624968431e-4,FR,0.7713261296660118
FR24,63603,198942,2358114,135340,0,2557060,4,0.07780106841450729,0.052927971967806776,0.024873487520824696,0.006053006246438844,0.00280137021662494,6.186903814486219e-4,FR,0.6802987805491048
FR25,20567,56151,1419855,35584,0,1476006,0,0.038042528282405355,0.024108303082778795,0.01393422519962656,0.0014472339581176113,5.812102775311215e-4,1.9416263191390784e-4,FR,0.6337197912770921
FR26,48658,123612,1519204,74954,0,1642847,31,0.07524255149749186,0.04562445559446497,0.02961809590302688,0.005661441555852714,0.002081590948291306,8.772316049208976e-4,FR,0.6063650778241594
FR3,82295,226922,3815010,144627,0,4042431,499,0.05613503359735763,0.03577723404555328,0.020357799551804348,0.00315114199697647,0.0012800104759502968,4.144400025914453e-4,FR,0.637342346709442
FR30,82295,226922,3815010,144627,0,4042431,499,0.05613503359735763,0.03577723404555328,0.020357799551804348,0.00315114199697647,0.0012800104759502968,4.144400025914453e-4,FR,0.637342346709442
FR4,216415,557031,4819203,340616,0,5376273,39,0.10360913591999514,0.06335541368527975,0.040253722234715385,0.010734853046088027,0.004013908443232932,0.0016203621537496198,FR,0.6114848186187124
FR41,109585,224988,2125458,115403,0,2350475,29,0.09572022676267562,0.04909773556408811,0.046622491198587517,0.009162361811498043,0.0024105876375211228,0.0021736566855623703,FR,0.5129295784664072
FR42,80307,234154,1617836,153847,0,1851998,8,0.12643318189328498,0.08307082405056593,0.04336235784271905,0.015985349483660486,0.006900761808440082,0.0018802940776800185,FR,0.6570334053656995
FR43,26523,97889,1075909,71366,0,1173800,2,0.08339495655137161,0.060799113988754476,0.022595842562617142,0.006954718778205158,0.00369653226181756,5.105721011145804e-4,FR,0.7290502507942671
FR5,123882,378259,8218294,254377,0,8596563,11,0.04400118977782167,0.029590546826679453,0.014410642951142218,0.0019361047018638783,8.756004615019094e-4,2.076666302653049e-4,FR,0.6724942433623522
FR51,39411,150932,3449563,111521,0,3600501,6,0.04191972172761513,0.03097374504270378,0.01094597668491135,0.0017572630697206878,9.593728819704168e-4,1.1981440558662286e-4,FR,0.738882410622002
FR52,42689,130730,3087437,88041,0,3218171,4,0.040622452939884174,0.02735746484571516,0.013264988094169016,0.0016501836828531043,7.484308827845408e-4,1.7595990913844576e-4,FR,0.6734567429052245
FR53,41781,96597,1681295,54815,0,1777891,0,0.05433235220831873,0.030831473920504688,0.023500315823635983,0.0029520044964887974,9.505797841107607e-4,5.522648438106357e-4,FR,0.5674606871849023
FR6,278642,677722,6221262,399080,0,6898984,0,0.09823504446451825,0.057846198802606295,0.040388845661911955,0.009650123960945878,0.00334618271591065,0.0016312588539017442,FR,0.5888550172489605
FR61,132443,306917,2947571,174474,0,3254488,0,0.0943057709845604,0.053610276024984575,0.04069549495957582,0.008893578440992355,0.002874061695475036,0.001656123310004861,FR,0.5684729096139999
FR62,123000,317346,2585992,194346,0,2903338,0,0.10930384268039064,0.06693881318675263,0.04236502949363801,0.011947330024699587,0.004480804710850967,0.0017947957239968185,FR,0.6124104289954813
FR63,23200,53460,687699,30260,0,741159,0,0.07213027164211727,0.04082794650000877,0.03130232514210851,0.005202776087165627,0.001666921215407578,9.798355593022786e-4,FR,0.5660306771417882
FR7,266638,858392,6774723,591754,0,7633124,9,0.11245618438793867,0.07752448407755462,0.034931700310384055,0.01264639340709406,0.0060100456314910195,0.0012202236865744855,FR,0.6893750174745339
FR71,228851,773527,5509516,544676,0,6283052,9,0.12311325769705551,0.08668971703560627,0.03642354066144925,0.015156874220781599,0.007515107039713483,0.0013266743143162466,FR,0.7041460737634239
FR72,37787,84865,1265206,47077,0,1350071,0,0.06285965701063129,0.034870017947204256,0.02798889836164172,0.003951336479494207,0.001215918151638347,7.833784314983107e-4,FR,0.5547280975667236
FR8,353159,1281830,6618729,928671,0,7900569,9,0.16224527625795054,0.11754482493602676,0.044700451321923775,0.02632352966801869,0.013816785869241179,0.001998130348383677,FR,0.7244884267024488
FR81,128875,385937,2283711,257062,0,2669651,3,0.14456458915416284,0.0962904889066024,0.04827410024756045,0.020898920437311896,0.00927185825387252,0.002330388754711516,FR,0.6660724418752284
FR82,207097,849218,4067209,642121,0,4916433,6,0.17273051417562285,0.13060708851315578,0.04212342566246708,0.029835830527375047,0.017058211569883307,0.0017743829895413901,FR,0.7561321121313962
FR83,17187,46675,267810,29488,0,314485,0,0.1484172536051004,0.09376599837830103,0.054651255226799374,0.022027681167680693,0.008792062451879553,0.002986759697864766,FR,0.6317728976968399
FR9,5711,140176,1722582,134466,0,1862758,0,0.07525185772923805,0.07218651053974805,0.003065884027876944,0.0056628420917014845,0.005210892303905156,9.399644872390953e-6,FR,0.9592654948065288
FR91,1168,20395,384265,19227,0,404660,0,0.05040033608461424,0.04751396233875352,0.0028863737458607224,0.0025401938774420687,0.0022575766171284875,8.331153400794058e-6,FR,0.9427310615346898
FR92,1213,12325,379890,11111,0,392215,0,0.031424091378453145,0.028328850247950742,0.0030926915084838673,9.874735189613732e-4,8.025237563708188e-4,9.564740766648219e-6,FR,0.9015010141987829
FR93,1158,73207,164042,72049,0,237249,0,0.30856610565271086,0.3036851577878094,0.004880947864901433,0.09521304155767993,0.0922246750606067,2.3823652059885855e-5,FR,0.9841818405343751
FR94,2173,34250,794384,32078,0,828635,0,0.04133303565502302,0.03871185745231616,0.002622385006667592,0.0017084198364594042,0.0014986079074084462,6.876903123194986e-6,FR,0.9365839416058395
FRZ,0,0,0,0,0,0,0,NA,NA,NA,NA,NA,NA,FR,NA
FRZZ,0,0,0,0,0,0,0,NA,NA,NA,NA,NA,NA,FR,NA
HR,71549,584000,3692499,0,947,4284889,7443,0.13629291213844746,0,0.0166979821414277,0.01857575789917856,0,2.788226075954384e-4,HR,0
HR0,71549,584000,3692499,0,947,4284889,7443,0.13629291213844746,0,0.0166979821414277,0.01857575789917856,0,2.788226075954384e-4,HR,0
HR03,45639,394964,2472546,0,580,2872954,4864,0.13747661814285922,0,0.015885739903945557,0.01889982053599753,0,2.5235673229580816e-4,HR,0
HR04,25910,189036,1219953,0,367,1411935,2579,0.1338843502002571,0,0.018350703113103647,0.017925019228545083,0,0.00033674830474527187,HR,0
HRZ,0,0,0,0,0,0,0,NA,NA,NA,NA,NA,NA,HR,NA
HRZZ,0,0,0,0,0,0,0,NA,NA,NA,NA,NA,NA,HR,NA
IT,1504768,4803567,54630177,3298799,0,59433744,0,0.08082221776235399,0.055503806053342354,0.025318411709011637,0.0065322308840253685,0.0030806724864070436,6.410219714670176e-4,IT,0.6867394584066382
ITC,395684,1535465,14230102,1139781,0,15765567,0,0.0973935793111659,0.07229559203294116,0.025097987278224754,0.009485509291040363,0.0052266526273934645,6.299089654179316e-4,IT,0.7423034715867832
ITC1,153955,402359,3961557,248404,0,4363916,0,0.09220136226270166,0.056922268897934794,0.035279093364766874,0.008501091203097945,0.003240144696488795,0.001244614428639938,IT,0.6173690659336564
ITC2,4172,10669,116137,6497,0,126806,0,0.08413639733135655,0.05123574594262101,0.03290065138873555,0.007078933355899902,0.002625101662296805,0.0010824528618031063,IT,0.6089605398819008
ITC3,34194,138087,1432607,103893,0,1570694,0,0.08791464155335157,0.06614464688857283,0.021769994664778754,0.007728984199454291,0.004375114312013987,4.739326677044954e-4,IT,0.7523735036607357
ITC4,203363,984350,8719801,780987,0,9704151,0,0.1014359731211932,0.08047968338497619,0.020956289736217007,0.010289256643043428,0.006476979437746012,4.3916607950827426e-4,IT,0.7934037689846092
ITH,333714,1257436,10190369,923722,0,11447805,0,0.10984079480738884,0.08068987897679948,0.029150915830589357,0.0120650002039189,0.006510856569290547,8.497758937621052e-4,IT,0.7346075665083551
ITH1,20361,47633,457010,27272,0,504643,0,0.09438949911125291,0.054042164460816854,0.04034733465043605,0.008909377542473213,0.002920555539609976,0.0016279074133942776,IT,0.5725442445363508
ITH2,15172,55312,469520,40140,0,524832,0,0.10538991524907018,0.07648161697457471,0.028908298274495457,0.011107034236206195,0.0058494377350455555,8.35689709127197e-4,IT,0.725701475267573
ITH3,132325,505876,4351334,373551,0,4857210,0,0.1041495014627739,0.07690649570432409,0.02724300575844981,0.010847118654944341,0.00591460908151922,7.421813627549296e-4,IT,0.7384240406739992
ITH4,56996,169175,1049810,112179,0,1218985,0,0.13878349610536636,0.09202656308322088,0.046756933022145473,0.01926085879122824,0.008468888312910032,0.0021862107856373976,IT,0.6630944288458697
ITH5,108860,479440,3862695,370580,0,4342135,0,0.11041572866804003,0.08534511248498722,0.025070616183052806,0.012191633137294237,0.007283788225075121,6.285357957979493e-4,IT,0.7729434340063407
ITI,396508,1109692,10490983,713184,0,11600675,0,0.09565753716917334,0.06147780193824928,0.03417973523092406,0.009150364417271779,0.003779520131158607,0.0011682543004560713,IT,0.6426864391200441
ITI1,112285,356610,3315592,244325,0,3672202,0,0.09711067092714398,0.0665336492927132,0.030577021634430785,0.009430482407920047,0.004426726488205756,9.349542520324483e-4,IT,0.6851322172681641
ITI2,33693,95613,788655,61920,0,884268,0,0.1081267217630854,0.07002401986728006,0.03810270189580534,0.011691387959231685,0.004903363358373233,0.001451815891760608,IT,0.6476106805559914
ITI3,41054,153256,1388063,112202,0,1541319,0,0.09943172049394058,0.07279609217819283,0.026635628315747745,0.009886667040385124,0.005299271036415947,7.094566957746631e-4,IT,0.7321214177585216
ITI4,209476,504213,4998673,294737,0,5502886,0,0.09162701171712444,0.0535604408305024,0.03806657088662204,0.008395509276210059,0.0028687208219577483,0.0014490638190662207,IT,0.5845485935507414
ITF,250323,630198,13347233,379875,0,13977431,0,0.04508682604120886,0.027177741031238142,0.017909085009970717,0.0020328218824702295,7.386296075610453e-4,3.2073532589435783e-4,IT,0.6027867432140375
ITF1,41333,110543,1196766,69210,0,1307309,0,0.08455766769753746,0.05294081200389503,0.031616855693642434,0.00714999916644717,0.0028027295756317557,9.9962556395261e-4,IT,0.6260912043277277
ITF2,8548,18306,295354,9758,0,313660,0,0.05836255818402091,0.031110119237390807,0.027252438946630108,0.003406188197783226,9.678395189646736e-4,7.426954285398015e-4,IT,0.5330492734622528
ITF3,74179,221656,5545154,147477,0,5766810,0,0.03843650128927431,0.025573410603089056,0.012863090686185257,0.0014773646313603857,6.539993298741877e-4,1.6545910200102591e-4,IT,0.6653417908831704
ITF4,64513,151476,3901090,86963,0,4052566,0,0.03737779964595271,0.0214587498389909,0.01591904980696181,0.0013970999063729827,4.60477944652392e-4,2.534161467565309e-4,IT,0.5741041485119754
ITF5,10640,22713,555323,12073,0,578036,0,0.039293400411047064,0.020886242379367374,0.018407158031679687,0.0015439713158628735,4.3623512072968166e-4,3.3882346680323e-4,IT,0.531545810769163
ITF6,51110,105504,1853546,54394,0,1959050,0,0.05385467445955948,0.027765498583497104,0.026089175876062378,0.002900325961145128,7.709229115901797e-4,6.806450978921151e-4,IT,0.5155633909614802
ITG,128539,270776,6371490,142237,0,6642266,0,0.04076560619523518,0.021413927114632265,0.019351679080602913,0.0016618346484649968,4.585562744707829e-4,3.744874832386444e-4,IT,0.5252939699234792
ITG1,101164,218101,4784803,116937,0,5002904,0,0.04359488009364161,0.023373824482740425,0.02022105561090119,0.0019005135703789896,5.463356709499558e-4,4.0889109001915845e-4,IT,0.5361598525453805
ITG2,27375,52675,1586687,25300,0,1639362,0,0.0321314023382267,0.015432833016746758,0.016698569321479943,0.0010324270162210003,2.3817233492278887e-4,2.7884221738427113e-4,IT,0.4803037494067394
ITZ,0,0,0,0,0,0,0,NA,NA,NA,NA,NA,NA,IT,NA
ITZZ,0,0,0,0,0,0,0,NA,NA,NA,NA,NA,NA,IT,NA
CY,106561,196966,638124,90405,0,840407,5317,0.23436977559682393,0.10757287837916628,0.12679689721765763,0.054929191713305604,0.0115719241627789,0.016077453144025235,CY,0.4589878456180254
CY0,106561,196966,638124,90405,0,840407,5317,0.23436977559682393,0.10757287837916628,0.12679689721765763,0.054929191713305604,0.0115719241627789,0.016077453144025235,CY,0.4589878456180254
CY00,106561,196966,638124,90405,0,840407,5317,0.23436977559682393,0.10757287837916628,0.12679689721765763,0.054929191713305604,0.0115719241627789,0.016077453144025235,CY,0.4589878456180254
CYZ,0,0,0,0,0,0,0,NA,NA,NA,NA,NA,NA,CY,NA
CYZZ,0,0,0,0,0,0,0,NA,NA,NA,NA,NA,NA,CY,NA
LV,29745,302050,1768321,272305,0,2070371,0,0.14589172665188993,0.13152473638782614,0.014366990264063784,0.02128439590546977,0.017298756281887158,2.0641040924770357e-4,LV,0.9015229266677701
LV0,29745,302050,1768321,272305,0,2070371,0,0.14589172665188993,0.13152473638782614,0.014366990264063784,0.02128439590546977,0.017298756281887158,2.0641040924770357e-4,LV,0.9015229266677701
LV00,29745,302050,1768321,272305,0,2070371,0,0.14589172665188993,0.13152473638782614,0.014366990264063784,0.02128439590546977,0.017298756281887158,2.0641040924770357e-4,LV,0.9015229266677701
LVZ,0,0,0,0,0,0,0,NA,NA,NA,NA,NA,NA,LV,NA
LVZZ,0,0,0,0,0,0,0,NA,NA,NA,NA,NA,NA,LV,NA
LT,18812,179563,2863825,160751,32,3043429,9,0.05900022638937856,0.05281904062818617,0.006181185761192392,0.0034810267139979223,0.002789851052881981,3.820705741436757e-5,LT,0.895234541637197
LT0,18812,179563,2863825,160751,32,3043429,9,0.05900022638937856,0.05281904062818617,0.006181185761192392,0.0034810267139979223,0.002789851052881981,3.820705741436757e-5,LT,0.895234541637197
LT00,18812,179563,2863825,160751,32,3043429,9,0.05900022638937856,0.05281904062818617,0.006181185761192392,0.0034810267139979223,0.002789851052881981,3.820705741436757e-5,LT,0.895234541637197
LTZ,0,0,0,0,0,0,0,NA,NA,NA,NA,NA,NA,LT,NA
LTZZ,0,0,0,0,0,0,0,NA,NA,NA,NA,NA,NA,LT,NA
LU,160758,201578,306221,40820,1197,512353,3357,0.39343577572493965,0.07967163264389981,0.31376414308103984,0.15479170962028502,0.006347569048144522,0.09844793748337924,LU,0.20250225719076487
LU0,160758,201578,306221,40820,1197,512353,3357,0.39343577572493965,0.07967163264389981,0.31376414308103984,0.15479170962028502,0.006347569048144522,0.09844793748337924,LU,0.20250225719076487
LU00,160758,201578,306221,40820,1197,512353,3357,0.39343577572493965,0.07967163264389981,0.31376414308103984,0.15479170962028502,0.006347569048144522,0.09844793748337924,LU,0.20250225719076487
LUZ,0,0,0,0,0,0,0,NA,NA,NA,NA,NA,NA,LU,NA
LUZZ,0,0,0,0,0,0,0,NA,NA,NA,NA,NA,NA,LU,NA
HU,263481,383142,9544643,119661,94,9937628,9749,0.03855467320773126,0.012041203393807858,0.026513469813923402,0.0014864628261549507,1.4499057917104988e-4,7.029640815738275e-4,HU,0.31231501636468983
HU1,124016,183028,2759503,59012,44,2946516,3941,0.062116750765989395,0.02002772087441575,0.04208902989157364,0.0038584907257240442,4.011096034235084e-4,0.0017714864372137796,HU,0.32242061323950433
HU10,124016,183028,2759503,59012,44,2946516,3941,0.062116750765989395,0.02002772087441575,0.04208902989157364,0.0038584907257240442,4.011096034235084e-4,0.0017714864372137796,HU,0.32242061323950433
HU2,73350,95615,2904969,22265,36,3003215,2595,0.031837547428339295,0.007413721628321649,0.02442382580001765,0.001013629426251754,5.49632683822442e-5,5.965232667096078e-4,HU,0.23286095277937563
HU21,25442,32736,1049528,7294,8,1083483,1211,0.030213672018850318,0.006731993026194228,0.02348167899265609,9.128659768626586e-4,4.531973010472772e-5,5.513892483141464e-4,HU,0.22281280547409582
HU22,23937,29363,956959,5426,4,986793,467,0.029755987324595938,0.0054986202780117005,0.02425736704658424,8.854187816615142e-4,3.0234824961761472e-5,5.884198560327109e-4,HU,0.18479038245410892
HU23,23971,33516,898482,9545,24,932939,917,0.03592517838786888,0.010231108357566786,0.025694070030302087,0.001290618442200201,1.0467557822427294e-4,6.601852347220678e-4,HU,0.2847893543382265
HU3,66115,104499,3880171,38384,14,3987897,3213,0.026204036864542892,0.009625123216572544,0.016578913647970345,6.866515479983229e-4,9.26429969342038e-5,2.748603777468574e-4,HU,0.36731451975616985
HU31,15485,20883,1175516,5398,4,1197575,1172,0.017437738763751747,0.0045074421226228,0.012930296641128948,3.0407473319285033e-4,2.0317034488794337e-5,1.6719257122759055e-4,HU,0.2584877651678399
HU32,23289,38198,1453173,14909,4,1492587,1212,0.025591808048710057,0.009988697476261015,0.015603110572449043,6.549406392020209e-4,9.977407727226316e-5,2.434570595360711e-4,HU,0.39030839310958687
HU33,27341,45418,1251482,18077,6,1297735,829,0.03499790018763461,0.013929654359326056,0.021068245828308553,0.0012248530175436344,1.940352705702914e-4,4.4387098228204077e-4,HU,0.39801400325861996
HUZ,0,0,0,0,0,0,0,NA,NA,NA,NA,NA,NA,HU,NA
HUZZ,0,0,0,0,0,0,0,NA,NA,NA,NA,NA,NA,HU,NA
MT,17561,35116,382316,17555,0,417432,0,0.08412388125491098,0.04205475382816842,0.04206912742674256,0.007076827397390363,0.0017686023195478467,0.0017698114824475032,MT,0.4999145688575009
MT0,17561,35116,382316,17555,0,417432,0,0.08412388125491098,0.04205475382816842,0.04206912742674256,0.007076827397390363,0.0017686023195478467,0.0017698114824475032,MT,0.4999145688575009
MT00,17561,35116,382316,17555,0,417432,0,0.08412388125491098,0.04205475382816842,0.04206912742674256,0.007076827397390363,0.0017686023195478467,0.0017698114824475032,MT,0.4999145688575009
MTZ,0,0,0,0,0,0,0,NA,NA,NA,NA,NA,NA,MT,NA
MTZZ,0,0,0,0,0,0,0,NA,NA,NA,NA,NA,NA,MT,NA
NL,452711,1868655,14787144,1415944,0,16655799,0,0.11219245621299825,0.08501207297230232,0.027180383240695927,0.01258714723110553,0.007227052551048054,7.387732331111041e-4,NL,0.7577343062256007
NL1,26948,97569,1620160,70621,0,1717729,0,0.056801160136435956,0.041113004437836234,0.015688155698599722,0.0032263717928450414,0.0016902791339055419,2.461182292235069e-4,NL,0.7238057169797784
NL11,12521,43565,535471,31044,0,579036,0,0.07523711824480689,0.05361324684475577,0.02162387140005112,0.005660623961783053,0.0028743802372367144,4.675918143259488e-4,NL,0.7125903821875359
NL12,8332,30706,616576,22374,0,647282,0,0.04743836534926044,0.034566077845514014,0.012872287503746435,0.002250398507009914,0.0011948137376221347,1.656957855791066e-4,NL,0.7286523806422198
NL13,6095,23298,468113,17203,0,491411,0,0.047410416128251094,0.035007356367684074,0.01240305976056702,0.0022477475574539316,0.0012255149998540308,0.00015383589142419683,NL,0.738389561335737
NL2,64137,288389,3242714,224252,0,3531103,0,0.08167108124571841,0.06350763486649923,0.018163446379219184,0.006670165511844737,0.0040332196863365885,3.299107843707705e-4,NL,0.7776024744355714
NL21,19547,84098,1050367,64551,0,1134465,0,0.07413009656534138,0.056899948433843266,0.017230148131498108,0.005495271216786837,0.0032376041317740225,2.9687800463336773e-4,NL,0.767568788794026
NL22,35843,146892,1857779,111049,0,2004671,0,0.07327486654917441,0.05539512468629516,0.017879741862879245,0.005369206067799319,0.003068619839010187,3.1968516908319655e-4,NL,0.7559907959589357
NL23,8747,57399,334568,48652,0,391967,0,0.14643834812624532,0.12412269400230122,0.02231565412394411,0.021444189801943413,0.015406443166388903,4.979884189795038e-4,NL,0.847610585550271
NL3,253425,1165866,6664259,912441,0,7830125,0,0.14889494101307452,0.11652955731868904,0.03236538369438546,0.02216970345928694,0.013579137728889634,0.0010475180616847924,NL,0.7826293930863409
NL31,26249,131425,1097369,105176,0,1228794,0,0.10695446104066263,0.08559286585058196,0.02136159519008068,0.011439256736498619,0.007326138684515719,4.563177490648781e-4,NL,0.8002739204869699
NL32,95156,428495,2262982,333339,0,2691477,0,0.15920440709692113,0.12384984155539877,0.035354565541522366,0.02534604323908219,0.01533878325329738,0.0012499453046298007,NL,0.7779297308019931
NL33,113789,570895,2957429,457106,0,3528324,0,0.16180345115697992,0.12955329499218327,0.03225015616479666,0.026180356806309184,0.01678405624333166,0.0010400725726537718,NL,0.8006831378799955
NL34,18231,35051,346479,16820,0,381530,0,0.09186957775273243,0.04408565512541609,0.04778392262731633,0.008440019316465349,0.0019435449878371259,0.0022833032616533535,NL,0.4798721862429032
NL4,108201,316831,3260011,208630,0,3576842,0,0.08857841637958848,0.0583279887677454,0.030250427611843073,0.007846135848315748,0.0034021542736902334,9.150883706993578e-4,NL,0.6584898573687549
NL41,60099,210979,2243236,150880,0,2454215,0,0.0859659809755869,0.06147790637739562,0.024488074598191276,0.007390149885094969,0.0037795329725478213,5.996657975265808e-4,NL,0.7151422653439441
NL42,48102,105852,1016775,57750,0,1122627,0,0.09428955476752296,0.051441841323966016,0.042847713443556944,0.008890520138257712,0.0026462630388000975,0.0018359265473411705,NL,0.5455730642784264
NLZ,0,0,0,0,0,0,0,NA,NA,NA,NA,NA,NA,NL,NA
NLZZ,0,0,0,0,0,0,0,NA,NA,NA,NA,NA,NA,NL,NA
AT,544674,1312688,7086156,768014,2461,8401940,635,0.15623629780741113,0.09140912693973059,0.06482717086768056,0.02440978075256606,0.00835562848788378,0.00420256208270745,AT,0.5850697195373159
AT1,275526,715748,2897276,440222,1209,3614605,372,0.1980155508001566,0.12178979445886895,0.07622575634128764,0.03921015835868939,0.014832754034333547,0.005810365929801354,AT,0.6150516662288962
AT11,15942,25485,260152,9543,43,285685,5,0.0892066436809773,0.033403923902199976,0.05580271977877733,0.007957825276824848,0.001115822132063967,0.0031139435347087466,AT,0.3744555620953502
AT12,78927,166928,1447316,88001,351,1614693,98,0.10338064263609244,0.05450014337090704,0.048880499265185395,0.010687557271851453,0.002970265627449423,0.00238930320841379,AT,0.5271793827278827
AT13,180657,523335,1189808,342678,815,1714227,269,0.3052892061553108,0.19990234665537296,0.10538685949993787,0.09320149939493985,0.0399609481983249,0.011106390155259644,AT,0.6547966407750294
AT2,82902,170935,1593020,88033,651,1764748,142,0.09686085492092922,0.0498841760976638,0.046976678823265415,0.009382025216013298,0.0024884310249427325,0.002206808353264233,AT,0.5150086290110276
AT21,27568,54175,501694,26607,285,556173,19,0.09740674214677807,0.04783943125610197,0.049567310890676106,0.00948807341564891,0.002288611182907306,0.002456918308932938,AT,0.4911305952930319
AT22,55334,116760,1091326,61426,366,1208575,123,0.09660964358852367,0.05082514531576443,0.04578449827275924,0.009333423234301573,0.002583195396368571,0.002096220282088294,AT,0.5260877012675573
AT3,186246,426005,2595860,239759,601,3022587,121,0.14094052545054947,0.0793224479560059,0.06161807749454358,0.019864231714276984,0.0062920507497332655,0.003796787474123578,AT,0.5628079482635181
AT31,68336,173826,1239520,105490,362,1413762,54,0.1229528025226311,0.07461651961221195,0.04833628291041915,0.015117391648169122,0.005567624999039611,0.0023363962455960783,AT,0.6068712390551471
AT32,35752,83123,445806,47371,111,529066,26,0.15711272317631447,0.08953703318678577,0.06757568998952872,0.024684407783877222,0.008016880311891576,0.004566473877560892,AT,0.5698904033781265
AT33,56213,104420,604776,48207,92,709319,31,0.14721162128746024,0.06796236954036196,0.07924925174709828,0.021671261442082618,0.004618883673540719,0.0062804439024749595,AT,0.46166443210113006
AT34,25945,64636,305758,38691,36,370440,10,0.17448439693337653,0.10444606413994169,0.07003833279343484,0.030444804773204097,0.010908980314324813,0.004905368060483931,AT,0.5985983043505168
ATZ,0,0,0,0,0,0,0,NA,NA,NA,NA,NA,NA,AT,NA
ATZZ,0,0,0,0,0,0,0,NA,NA,NA,NA,NA,NA,AT,NA
PL,223923,639772,37386860,415848,633,38044565,17300,0.016816383627989963,0.010930549475332415,0.005885807867694111,2.8279075832372884e-4,1.1947691183268974e-4,3.4642734255409896e-5,PL,0.6499940603840118
PL1,32007,85699,7676867,53693,127,7766960,4267,0.011033789281778198,0.006913000710702772,0.0041209173215775545,1.2174450591468346e-4,4.7789578826177025e-5,1.6981959571277924e-5,PL,0.6265300645281742
PL11,11558,22165,2501664,10606,48,2524908,1031,0.008778537673451865,0.004200549089313353,0.0045775925301040675,7.706272368421369e-5,1.764461265173124e-5,2.0954353371664557e-05,PL,0.47850214301827204
PL12,20448,63534,5175203,43086,78,5242052,3236,0.012120062906663268,0.008219300380843227,0.0039007625258200415,1.4689592486147486e-4,6.755689875052962e-5,1.5215948282841949e-5,PL,0.6781565775805082
PL2,36035,80599,7792189,44564,68,7875493,2638,0.01023415296032896,0.005658566390700874,0.0045755865696280856,1.0473788681541002e-4,3.2019373597969516e-5,2.0935992456160912e-5,PL,0.5529100857330735
PL21,11137,26864,3266268,15728,20,3294314,1161,0.00815465678135114,0.0047742868469733,0.0033806734877124644,6.649842722163613e-5,2.279381489718225e-5,1.1428953230521958e-5,PL,0.5854675402025015
PL22,24898,53734,4525921,28836,47,4581179,1477,0.011729295013357914,0.006294449529258735,0.005434845484099181,1.3757636151038284e-4,3.9620094876385506e-5,2.953754543603326e-5,PL,0.5366434659619608
PL3,21659,62416,6612605,40757,71,6676790,1698,0.009348204751085477,0.006104280649833228,0.0032439241012522484,8.738893206821709e-5,3.726224225192838e-5,1.0523043574685207e-5,PL,0.6529896180466547
PL31,5144,20000,2133245,14856,32,2153720,444,0.009286258195122857,0.006897832587337258,0.0023884256077855988,8.623459126648643e-5,4.758009440293182e-5,5.7045768839260066e-6,PL,0.7428
PL32,8563,22661,2059638,14098,13,2082818,506,0.010879971269693272,0.006768714309171517,0.004111256960521755,1.1837377482935102e-4,4.5815493399183246e-5,1.6902433795438578e-5,PL,0.6221261197652355
PL33,3722,6653,1259427,2931,2,1266328,247,0.00525377311407471,0.0023145662103341313,0.002939206903740579,2.760213193417428e-5,5.3572167420205025e-6,8.638937222996281e-6,PL,0.4405531339245453
PL34,4230,13102,1160296,8872,24,1173924,502,0.011160858794947543,0.007557559092411434,0.0036032997025361095,1.245647690407579e-4,5.711669943529073e-5,1.2983768746296815e-5,PL,0.6771485269424515
PL4,46907,134646,5992050,87739,116,6130008,3196,0.021965061057016566,0.01431303189163864,0.007652029165377924,4.824639072384657e-4,2.048628819310648e-4,5.8553550347794375e-5,PL,0.6516272299214235
PL41,15580,30976,3391324,15396,26,3423381,1054,0.00904836475986751,0.004497308362697579,0.004551056397169933,8.187290482761223e-5,2.0225782509189577e-05,2.0712114330221367e-5,PL,0.49702995867768596
PL42,20374,57107,1637686,36733,61,1696302,1448,0.03366558549126276,0.021654752514587615,0.012010832976675144,0.0011333716464695216,4.6892830646803863e-4,1.442601087935871e-4,PL,0.6432311275325266
PL43,10953,46562,963040,35609,29,1010325,694,0.046086160393932644,0.03524509440031673,0.010841065993615916,0.002123934179855286,0.0012422166792872376,1.1752871187793544e-4,PL,0.7647652592242601
PL5,43636,182349,3662853,138713,155,3848042,2685,0.04738747654001697,0.0360476834712303,0.011339793068786672,0.002245572932830659,0.0012994354836420104,1.2859090684290224e-4,PL,0.7607006344975843
PL51,34272,140097,2733690,105826,111,2876090,2192,0.04871092351073854,0.03679509333852557,0.011916177866478448,0.0023727540692690206,0.0013538788937908087,1.4199529494555085e-4,PL,0.7553766319050372
PL52,9365,42251,929163,32887,44,971952,493,0.043470253675078604,0.0338360330551303,0.009635249477340445,0.0018896629545756848,0.0011448771329078701,9.283803249058933e-5,PL,0.778372109535869
PL6,43679,94063,5650297,50384,97,5747272,2816,0.01636654746808573,0.00876659395970819,0.00759995350837754,2.678638760251034e-4,7.685316965439212e-5,5.775929332950008e-5,PL,0.5356410065594336
PL61,8325,17860,2055533,9536,7,2074048,648,0.008611179683401735,0.004597772086277656,0.004013889746042522,7.41524155398308e-5,2.113950815735399e-5,1.61113108933853e-5,PL,0.5339305711086226
PL62,18117,36252,1389908,18135,42,1426981,779,0.025404683033621332,0.01270864853841782,0.01269603449520351,6.453979200387675e-4,1.615097476730294e-4,1.6118929190339745e-4,PL,0.5002482621648461
PL63,17238,39951,2204856,22713,48,2246243,1389,0.01778569816355577,0.010111550709339995,0.007674147454215773,3.1633105916511106e-4,1.0224345774755415e-4,5.8892539149046424e-5,PL,0.568521438762484
PLZ,0,0,0,0,0,0,0,NA,NA,NA,NA,NA,NA,PL,NA
PLZZ,0,0,0,0,0,0,0,NA,NA,NA,NA,NA,NA,PL,NA
PT,208384,871813,9690365,663429,NA,10562178,0,0.08254102515598583,0.06281176098338809,0.019729264172597735,0.006813020833801085,0.003945317317834274,3.892438647921486e-4,PT,0.7609762644053254
PT1,203503,844383,9203238,640880,NA,10047621,0,0.08403810215373371,0.06378425300874704,0.02025384914498666,0.007062402613601382,0.004068430931883856,4.102184051878768e-4,PT,0.7589920687650035
PT11,63179,174835,3514847,111656,NA,3689682,0,0.047384842379370365,0.030261686508485014,0.01712315587088535,0.0022453232873177738,9.15769670337824e-4,2.9320246697863545e-4,PT,0.6386364286327109
PT15,28729,76881,374125,48152,NA,451006,0,0.17046558138916112,0.10676576364837718,0.06369981774078394,0.029058514438344715,0.01139892828742114,0.004057666780209092,PT,0.6263185962721609
PT16,51054,159253,2168502,108199,NA,2327755,0,0.06841484606412616,0.04648212548141879,0.02193272058270737,0.004680591161978079,0.002160587989270362,4.810442321591156e-4,PT,0.6794157723873334
PT17,47407,392311,2429565,344904,NA,2821876,0,0.13902488982506672,0.12222507296564414,0.016799816859422598,0.01932791999087194,0.014938968461457033,2.8223384651013977e-4,PT,0.8791596463010215
PT18,13134,41103,716199,27969,NA,757302,0,0.05427557302106689,0.03693242590142374,0.017343147119643153,0.0029458378267651643,0.0013640040829641551,3.0078475201358656e-4,PT,0.6804612801985257
PT2,1065,8232,238540,7167,NA,246772,0,0.03335872789457475,0.029043003258068176,0.004315724636506573,0.0011128047267442798,8.434960382481587e-4,1.8625479138149792e-5,PT,0.8706268221574343
PT20,1065,8232,238540,7167,NA,246772,0,0.03335872789457475,0.029043003258068176,0.004315724636506573,0.0011128047267442798,8.434960382481587e-4,1.8625479138149792e-5,PT,0.8706268221574343
PT3,3816,19198,248587,15382,NA,267785,0,0.07169184233620254,0.057441604272083946,0.014250238064118603,0.005139720257558923,0.003299537901350693,2.0306928488405472e-4,PT,0.8012292947181998
PT30,3816,19198,248587,15382,NA,267785,0,0.07169184233620254,0.057441604272083946,0.014250238064118603,0.005139720257558923,0.003299537901350693,2.0306928488405472e-4,PT,0.8012292947181998
PTZ,0,0,0,0,0,0,0,NA,NA,NA,NA,NA,NA,PT,NA
PTZZ,0,0,0,0,0,0,0,NA,NA,NA,NA,NA,NA,PT,NA
RO,72991,150564,19971077,77573,0,20121641,0,0.007482689905858076,0.0038552024658426217,0.003627487440015454,5.599064822723034e-5,1.4862586052639031e-5,1.3158665127469874e-5,RO,0.5152161207194282
RO1,19254,31328,4929609,12074,0,4960937,0,0.006314936069536863,0.0024338144185261775,0.0038811216510106863,3.987841756233769e-5,5.9234526238259155e-6,1.5063105269943915e-5,RO,0.38540602655771194
RO11,10836,17347,2582785,6511,0,2600132,0,0.0066715843657168174,0.002504103637815311,0.004167480727901507,4.451003794887707e-5,6.270535028919875e-6,1.7367895617430474e-5,RO,0.37533867527526377
RO12,8418,13981,2346824,5563,0,2360805,0,0.005922132492942026,0.002356399617926936,0.00356573287501509,3.5071653263959735e-5,5.55261915936621e-6,1.271445093596338e-5,RO,0.39789714612688654
RO2,22678,43492,5804648,20814,0,5848140,0,0.007436894465590769,0.003559080322974484,0.003877814142616285,5.530739929233461e-5,1.2667052745384157e-5,1.5037442524674873e-5,RO,0.4785707716361629
RO21,10492,23720,3278497,13228,0,3302217,0,0.00718305308221719,0.00400579368345569,0.0031772593987614986,5.159625158194987e-5,1.6046383034413505e-5,1.009497728701828e-5,RO,0.5576728499156829
RO22,12186,19772,2526151,7586,0,2545923,0,0.007766142181047895,0.0029796659207682245,0.004786476260279671,6.031296437625135e-5,8.878408999387552e-6,2.2910354990220863e-5,RO,0.38367388225773824
RO3,17986,52592,5356017,34606,0,5408609,0,0.009723757069516396,0.006398317940897558,0.0033254391286188373,9.455145154697009e-5,4.093847247281157e-5,1.1058545398149211e-5,RO,0.6580088226346212
RO31,8113,12913,3123533,4800,0,3136446,0,0.004117080287688677,0.0015303945931159026,0.0025866856945727743,1.695035009527468e-5,2.342107610638389e-6,6.6909428825074355e-6,RO,0.3717184232943545
RO32,9873,39679,2232484,29806,0,2272163,0,0.017463095737409683,0.013117896911445173,0.00434519882596451,3.0495971273393626e-4,1.720792193793028e-4,1.8880752837163356e-5,RO,0.7511782050958946
RO4,13073,23152,3880803,10079,0,3903955,0,0.0059303962263909295,0.002581740824369133,0.003348655402021796,3.5169599401991774e-5,6.665385684214211e-6,1.1213493001489756e-5,RO,0.43534035936420173
RO41,4557,7197,2068445,2640,0,2075642,0,0.0034673609418194467,0.0012718956351817896,0.0021954653066376573,1.202259190085504e-5,1.617718506794488e-6,4.820067912649582e-6,RO,0.3668195081283869
RO42,8516,15955,1812358,7439,0,1828313,0,0.00872662394239936,0.0040687781577880815,0.004657845784611279,7.615396543205773e-5,1.6554955697293375e-5,2.1695527353221057e-5,RO,0.46624882481980573
ROZ,0,0,0,0,0,0,0,NA,NA,NA,NA,NA,NA,RO,NA
ROZZ,0,0,0,0,0,0,0,NA,NA,NA,NA,NA,NA,RO,NA
SI,21191,228588,1821601,207397,0,2050189,0,0.11149606207037498,0.10115994183950845,0.01033612023086652,0.01243137185720091,0.010233333832972733,1.0683538142692814e-4,SI,0.9072960960330375
SI0,0,0,0,0,0,0,0,NA,NA,NA,NA,NA,NA,SI,NA
SI01,11758,97258,986385,85500,0,1083643,0,0.08975096041777597,0.0789005235118946,0.010850436905881364,0.008055234895913189,0.006225292610451032,1.1773198104851235e-4,SI,0.8791050607662093
SI02,9433,131330,835216,121897,0,966546,0,0.13587558171054456,0.12611608759438248,0.009759494116162086,0.018462173705178872,0.01590526755011395,9.524772540340236e-5,SI,0.9281733038909616
SIZ,0,0,0,0,0,0,0,NA,NA,NA,NA,NA,NA,SI,NA
SIZZ,0,0,0,0,0,0,0,NA,NA,NA,NA,NA,NA,SI,NA
SK,126556,149662,4987408,23106,46,5397036,259920,0.027730406096976194,0.004281238813304191,0.023449167283672,7.689754223032144e-4,1.832900577654228e-5,5.498634462976332e-4,SK,0.1543878873728802
SK0,126556,149662,4987408,23106,46,5397036,259920,0.027730406096976194,0.004281238813304191,0.023449167283672,7.689754223032144e-4,1.832900577654228e-5,5.498634462976332e-4,SK,0.1543878873728802
SK01,19195,23543,566391,4348,14,602436,12488,0.039079669873646326,0.007217364168144002,0.03186230570550233,0.0015272205974331803,5.209034553560896e-5,0.0010152065248708864,SK,0.18468334536804995
SK02,52007,57218,1714943,5211,14,1838936,66761,0.031114731562164207,0.0028337038374364304,0.028281027724727778,9.681265201855375e-4,8.029877438301952e-6,7.998165291668212e-4,SK,0.0910727393477577
SK03,29073,32742,1238670,3669,9,1349414,77993,0.024263865648348096,0.002718958006957094,0.021544907641391005,5.887351762010868e-4,7.392732643596092e-6,4.641830452760685e-4,SK,0.11205790727505956
SK04,26281,36159,1467404,9878,9,1606250,102678,0.022511439688715953,0.006149727626459144,0.016361712062256808,5.067649168586958e-4,3.781914987963482e-5,2.6770562160819994e-4,SK,0.27318233358223404
SKZ,0,0,0,0,0,0,0,NA,NA,NA,NA,NA,NA,SK,NA
SKZZ,0,0,0,0,0,0,0,NA,NA,NA,NA,NA,NA,SK,NA
FI,85859,186973,5127141,101114,55380,5375276,5782,0.0347838883063865,0.018810941056794105,0.015972947249592393,0.0012099188857111714,3.538515034421821e-4,2.551350438382612e-4,FI,0.5407946601915784
FI1,82953,183401,5102919,100448,55331,5347269,5618,0.03429806878988134,0.018784916188057867,0.015513152601823474,0.0011763575227154326,3.528730761923585e-4,2.406579036474624e-4,FI,0.5476960321917547
FI19,16601,34900,1316363,18299,7619,1360041,1159,0.025660991102474117,0.013454741437941944,0.012206249664532173,6.584864643612558e-4,1.8103006716187206e-4,1.489925308728918e-4,FI,0.5243266475644699
FI1B,40116,93050,1410957,52934,25772,1532309,2530,0.06072534978258302,0.03454525164310854,0.02618009813947448,0.003687568106217055,0.0011933744110856931,6.853975385925151e-4,FI,0.5688769478774852
FI1C,14080,30810,1110756,16730,14981,1157595,1048,0.026615526155520715,0.014452377558645296,0.01216314859687542,7.083862325352073e-4,2.0887121709763415e-4,1.4794218378967247e-4,FI,0.543005517689062
FI1D,12156,24641,1264843,12485,6959,1297324,881,0.018993713212736373,0.009623656079745692,0.009370057132990679,3.6076114160767624e-4,9.261475634122623e-5,8.77979706755095e-5,FI,0.5066758654275394
FI2,2906,3572,24222,666,49,28007,164,0.12753954368550718,0.02377976934337844,0.10375977434212875,0.016266335203507395,5.65477430024281e-4,0.01076609077152948,FI,0.1864501679731243
FI20,2906,3572,24222,666,49,28007,164,0.12753954368550718,0.02377976934337844,0.10375977434212875,0.016266335203507395,5.65477430024281e-4,0.01076609077152948,FI,0.1864501679731243
FIZ,0,0,0,0,0,0,0,NA,NA,NA,NA,NA,NA,FI,NA
FIZZ,0,0,0,0,0,0,0,NA,NA,NA,NA,NA,NA,FI,NA
SE,483012,1338010,8055559,854998,88392,9482855,894,0.1410978022968821,0.09016250907558958,0.05093529322129253,0.019908589813010028,0.008129278042805773,0.002594404095539049,SE,0.6390071823080545
SE1,225801,647250,2996773,421449,25215,3669570,332,0.17638306395572234,0.11484969628594086,0.06153336766978147,0.031110985250408438,0.013190452736972856,0.0037863553367845078,SE,0.6511378910776361
SE11,152869,439212,1637059,286343,14984,2091473,218,0.21000127661222498,0.136909728215473,0.07309154839675196,0.04410053617876423,0.018744273680034687,0.0053423744470347334,SE,0.6519471234847863
SE12,72932,208038,1359714,135106,10231,1578097,114,0.13182839838108812,0.08561324177157678,0.04621515660951133,0.017378726619722878,0.007329627166638459,0.0021358407004416586,SE,0.6494294311616147
SE2,203915,547923,3503226,344008,59612,4111188,427,0.1332760749447605,0.0836760566532107,0.049600018291549794,0.017762512152681414,0.007001682457031328,0.002460161814522074,SE,0.6278400432177514
SE21,31286,85034,718931,53748,8916,812948,67,0.1045995561831753,0.06611492986021246,0.038484626322962845,0.010941067153717248,0.004371183950420813,0.0014810664632180846,SE,0.632076581132253
SE22,88767,216122,1162591,127355,26926,1405912,273,0.15372370390180892,0.09058532824245046,0.06313837565935848,0.023630977141291025,0.008205701692792493,0.0039864544809022715,SE,0.5892736509934204
SE23,83862,246767,1621704,162905,23770,1892328,87,0.13040392574648793,0.08608708426868915,0.044316841477798775,0.01700518385009554,0.007410986077884387,0.001963982438568346,SE,0.660157152293459
SE3,53296,142837,1555560,89541,3565,1702097,135,0.08391824907746151,0.052606285070709836,0.03131196400675167,0.00704227252822687,0.0027674212289407886,9.804390899601123e-4,SE,0.6268753894299096
SE31,25105,73868,748988,48763,2481,825431,94,0.08949021783771145,0.059075804034498344,0.03041441380321311,0.00800849908864105,0.003489950622322451,9.2503656699308e-4,SE,0.6601370011371636
SE32,8989,26204,341592,17215,634,368454,24,0.07111878280599478,0.04672225026733324,0.02439653253866154,0.005057881267806258,0.0021829686700433207,5.951907999099714e-4,SE,0.6569607693481911
SE33,19202,42765,464980,23563,450,508212,17,0.08414795400344738,0.04636450929926881,0.03778344470417857,0.0070808781629662955,0.002149667722561984,0.0014275886937137195,SE,0.5509879574418333
SEZ,0,0,0,0,0,0,0,NA,NA,NA,NA,NA,NA,SE,NA
SEZZ,0,0,0,0,0,0,0,NA,NA,NA,NA,NA,NA,SE,NA
IS,21116,32501,282280,11385,325,315556,450,0.10299598169580043,0.036079174536373895,0.06691680715942654,0.010608172245481658,0.0013017068352261306,0.004477859080411878,IS,0.3502969139411095
IS0,0,32501,282280,11385,325,315556,450,0.10299598169580043,0.036079174536373895,0,0.010608172245481658,0.0013017068352261306,0,IS,0.3502969139411095
IS00,21116,32501,282280,11385,325,315556,450,0.10299598169580043,0.036079174536373895,0.06691680715942654,0.010608172245481658,0.0013017068352261306,0.004477859080411878,IS,0.3502969139411095
ISZ,0,0,0,0,0,0,0,NA,NA,NA,NA,NA,NA,IS,NA
ISZZ,0,0,0,0,0,0,0,NA,NA,NA,NA,NA,NA,IS,NA
LI,7358,14649,21494,7291,0,36149,6,0.4052394257102548,0.20169299289053638,0.20354643281971838,0.1642189921499771,0.04068006338114196,0.04143115031363213,LI,0.4977131544815345
LI0,7358,14649,21494,7291,0,36149,6,0.4052394257102548,0.20169299289053638,0.20354643281971838,0.1642189921499771,0.04068006338114196,0.04143115031363213,LI,0.4977131544815345
LI00,7358,14649,21494,7291,0,36149,6,0.4052394257102548,0.20169299289053638,0.20354643281971838,0.1642189921499771,0.04068006338114196,0.04143115031363213,LI,0.4977131544815345
LIZ,0,0,0,0,0,0,0,NA,NA,NA,NA,NA,NA,LI,NA
LIZZ,0,0,0,0,0,0,0,NA,NA,NA,NA,NA,NA,LI,NA
NO,264496,611328,4368259,346832,0,4979956,369,0.12275771111230702,0.06964559526228746,0.053112115850019556,0.015069455637532626,0.004850508939438358,0.0028208968500658986,NO,0.5673419179229481
NO0,264496,611328,4368259,346832,0,4979956,369,0.12275771111230702,0.06964559526228746,0.053112115850019556,0.015069455637532626,0.004850508939438358,0.0028208968500658986,NO,0.5673419179229481
NO01,88767,229871,937222,141104,0,1167193,100,0.1969434360898326,0.12089174626647008,0.07605168982336255,0.03878671701886998,0.014614814315356581,0.005783859524988947,NO,0.6138399363121055
NO02,13653,28402,351301,14749,0,379742,39,0.07479288569607787,0.038839527889988464,0.035953357806089395,0.005593975750746569,0.0015085089267171917,0.0012926439375326893,NO,0.5192944158862052
NO03,48166,109555,839177,61389,0,948805,73,0.11546629707895721,0.06470138753484646,0.050764909544110746,0.013332465761126002,0.004186269548934384,0.0025770760410217465,NO,0.5603486833097531
NO04,40338,90183,637579,49845,0,727820,58,0.12390838394108433,0.06848533978181419,0.05542304415927015,0.015353287610891166,0.004690241765030541,0.003071713823880409,NO,0.5527094907022388
NO05,41635,82717,771530,41082,0,854292,45,0.09682520730616698,0.04808894382716916,0.048736263478997816,0.00937512076988221,0.002312546518412631,0.0023752233778942962,NO,0.4966572772223364
NO06,15723,35019,395647,19296,0,430689,23,0.08130925099085419,0.04480263020416124,0.03650662078669295,0.006611194296693723,0.002007275673210821,0.0013327333612634018,NO,0.5510151631971215
NO07,16142,35470,434195,19328,0,469696,31,0.0755169300994686,0.04115002043875187,0.03436690966071672,0.005702806731648026,0.0016933241821096966,0.0011810844796278641,NO,0.5449111925570904
NOZ,0,0,0,0,0,0,0,NA,NA,NA,NA,NA,NA,NO,NA
NOZZ,72,111,1608,39,0,1719,0,0.06457242582897033,0.02268760907504363,0.041884816753926704,0.004169598177437874,5.14727605542002e-4,0.0017543378745100192,NO,0.35135135135135137
CH,1114115,1829665,4638603,715550,97510,6587556,21778,0.2777456464886219,0.10862146750631038,0.1691241789823115,0.07714264414338251,0.011798623203224442,0.028602987916440933,CH,0.3910825205707056
CH0,1114115,1829665,4638603,715550,97510,6587556,21778,0.2777456464886219,0.10862146750631038,0.1691241789823115,0.07714264414338251,0.011798623203224442,0.028602987916440933,CH,0.3910825205707056
CH01,305908,473916,716166,168008,8054,1201069,2932,0.3945784963228591,0.13988205506927578,0.25469644125358326,0.15569218976040852,0.019566989330403902,0.06487027718723999,CH,0.35451008195545197
CH02,172187,295936,1160111,123749,13793,1475083,5242,0.20062328696080153,0.08389290636526894,0.11673038059553259,0.040249703270956116,0.007038019738411783,0.013625981753977891,CH,0.4181613592128028
CH03,139668,248550,639996,108882,16103,907764,3115,0.2738046452602218,0.11994527211918517,0.15385937314103665,0.0749689837660759,0.014386868303745378,0.02367270670335275,CH,0.43806879903439955
CH04,211992,357455,765577,145462,35294,1161804,3478,0.30767237847347745,0.1252035627351946,0.1824679550079015,0.09466229247552675,0.015675932121585807,0.03329455460476557,CH,0.40693793624372304
CH05,137893,225174,687288,87280,14310,929480,2708,0.24225803675173216,0.09390196669105307,0.14835499419029996,0.05868895637080361,0.00881757934844764,0.022009204301203934,CH,0.38761135832733795
CH06,70594,127934,488748,57340,7104,627399,3612,0.2039117053103368,0.09139319635511055,0.11251850895522626,0.041579983562569645,0.008352716340003792,0.012660414857507333,CH,0.4481998530492285
CH07,75873,100700,180716,24827,2851,284957,691,0.35338665131932184,0.08712542594145783,0.266261225377864,0.12488212533068395,0.007590839845480454,0.0708950401397217,CH,0.2465441906653426
CHZ,0,0,0,0,0,0,0,NA,NA,NA,NA,NA,NA,CH,NA
CHZZ,0,0,0,0,0,0,0,NA,NA,NA,NA,NA,NA,CH,NA
UK,2673395,7985585,55188700,5312190,7895,63182180,0,0.12638983017046895,0.08407734585922803,0.04231248431124092,0.015974389170519986,0.00706900008673225,0.001790346328589009,UK,0.6652223976076894
UKC,41040,128460,2468315,87425,110,2596885,0,0.04946695752796138,0.03366533365936497,0.015803549252277248,0.002446979887073135,0.001133354690396372,2.4975216896915275e-4,UK,0.6805620426591936
UKC1,17835,47955,1128040,30120,35,1176035,0,0.040776847627834206,0.0256114826514517,0.015165364976382505,0.001662751302463608,6.559480436056114e-4,2.2998829486688913e-4,UK,0.6280888332812011
UKC2,23205,80510,1340270,57305,75,1420855,0,0.05666306554856055,0.040331349785868366,0.01633171576269218,0.0032107029973604696,0.0016266177755500642,2.6672493975336825e-4,UK,0.7117749347907092
UKD,191630,576810,6474945,385180,420,7052175,0,0.0817917876399834,0.05461861057049775,0.027173177069485657,0.006689896525344142,0.002983192620651689,7.38381552049621e-4,UK,0.6677762174719578
UKD1,9220,18680,481165,9460,15,499860,0,0.03737046372984436,0.01892529908374345,0.01844516464610091,0.0013965515593836128,3.5816694540914066e-4,3.402240988217709e-4,UK,0.5064239828693791
UKD3,91520,322960,2359345,231440,225,2682530,0,0.12039380733859453,0.08627676111730344,0.034117046221291095,0.014494668845482618,0.0074436795088922425,0.0011639728428657129,UK,0.7166212534059946
UKD4,36150,105360,1355460,69210,75,1460895,0,0.07212017290770384,0.047375068023369236,0.024745104884334602,0.005201319340237099,0.0022443970702188624,6.123202157367202e-4,UK,0.6568906605922551
UKD6,23645,47750,854175,24105,40,901965,0,0.052939969954488256,0.026724983785401873,0.026214986169086383,0.002802640418782119,7.14224758329993e-4,6.872254998453903e-4,UK,0.5048167539267016
UKD7,31100,82060,1424805,50960,70,1506935,0,0.054454903496169375,0.03381698613410665,0.02063791736206273,0.0029653365147771196,0.0011435885511943615,4.2592363304333025e-4,UK,0.6210090177918597
UKE,149780,464300,4819040,314520,395,5283735,0,0.08787344558347457,0.05952607388523459,0.028347371698239976,0.0077217424387118665,0.003543353472190408,8.035734821981768e-4,UK,0.6774068490200301
UKE1,27345,52580,865025,25235,40,917645,0,0.05729884650382228,0.027499741185316763,0.029799105318505523,0.003283157810668587,7.56235765259407e-4,8.879866777833842e-4,UK,0.47993533662989735
UKE2,23640,53705,742690,30065,35,796425,0,0.0674325893838089,0.03774994506701824,0.029682644316790657,0.004547154111005377,0.0014250583525628946,8.810593736371047e-4,UK,0.5598175216460292
UKE3,32080,104055,1239460,71975,90,1343600,0,0.07744492408454898,0.053568770467401015,0.023876153617147962,0.005997716266461554,0.0028696131693890952,5.700707115496478e-4,UK,0.6917015040123012
UKE4,66720,253960,1971865,187240,235,2226060,0,0.11408497524774715,0.08411273730267828,0.029972237945068866,0.01301538157727908,0.007074952576549366,8.98335047435826e-4,UK,0.7372814616475035
UKF,161740,447740,4085010,286005,470,4533220,0,0.0987686456867304,0.06309091550818183,0.03567883314729927,0.009755245370790887,0.003980463619660538,0.0012729791347528211,UK,0.6387747353374728
UKF1,60230,162205,1947540,101975,175,2109920,0,0.0768773223629332,0.04833121634943505,0.028546106013498142,0.005910122693694349,0.0023359064738158975,8.148801685338748e-4,UK,0.6286797570975
UKF2,68030,234840,1474560,166810,245,1709650,0,0.13736144824964175,0.09756967800426988,0.03979177024537186,0.01886816746523901,0.009519842065856906,0.0015833849792604613,UK,0.7103134048714018
UKF3,33475,50695,662910,17220,50,713655,0,0.07103572454477304,0.024129306177354603,0.04690641836741843,0.005046074161600871,5.82223416600523e-4,0.0022002120840592886,UK,0.339678469277049
UKG,177655,629415,4971875,451755,560,5601845,0,0.11235851759554218,0.0806439664074961,0.03171365862497088,0.01262443647626776,0.00650344931793336,0.0010057561433811897,UK,0.7177378994780869
UKG1,43400,90100,1204915,46700,105,1295120,0,0.06956884304157143,0.036058434739638025,0.033510408301933414,0.004839823922142802,0.0013002107158727343,0.001122947464562288,UK,0.5183129855715871
UKG2,34885,85515,1484640,50630,110,1570265,0,0.054458960748663444,0.03224296535935017,0.022215995389313268,0.0029657784058244657,0.0010396088151642551,4.935504511379883e-4,UK,0.5920598725369818
UKG3,99375,453800,2282320,354425,340,2736460,0,0.16583469153577982,0.12951952522602195,0.03631516630975786,0.02750114491676724,0.016775307414774135,0.0013187913041053723,UK,0.7810158660202732
UKH,255110,641495,5204750,386380,720,5846965,0,0.10971418505156094,0.06608214689159247,0.043631183015461865,0.012037202401528158,0.004366850137802005,0.0019036801313287279,UK,0.6023117873093321
UKH1,110685,244775,2145860,134090,260,2390890,0,0.10237819389432387,0.056083717778735116,0.046294476115588755,0.010481294585063774,0.003145383399884809,0.0021431785188168176,UK,0.5478092125421306
UKH2,91750,260120,1470715,168370,290,1731125,0,0.15026066864033505,0.09726045201819626,0.05300021662213878,0.02257826854024057,0.009459595526783857,0.002809022961993636,UK,0.6472781793018607
UKH3,52675,136600,1588175,83925,175,1724950,0,0.07919070117974435,0.04865358416185976,0.030537117017884575,0.006271167153339563,0.002367171251795171,9.325155157639757e-4,UK,0.6143850658857979
UKI,838920,2994930,5175675,2156010,3335,8173940,0,0.3663998022985243,0.2637663109834425,0.10263349131508183,0.1342488151243977,0.0695726668098141,0.010533633539522977,UK,0.7198866083681422
UKI1,403240,1362525,1867725,959290,1650,3231900,0,0.4215863733407593,0.29681920851511495,0.12476871190321483,0.1777350701866141,0.08810164254353929,0.015567231469987421,UK,0.7040531366396947
UKI2,435680,1632400,3307955,1196720,1685,4942040,0,0.33030894124693444,0.24215101456078866,0.0881579266861458,0.10910399666767079,0.058637113852819285,0.007771820037599859,UK,0.7331046312178389
UKJ,374940,1042190,7591430,667255,1130,8634750,0,0.12069718289469875,0.07727554358840731,0.04342221836185182,0.014567809958716359,0.005971509636883838,0.0018854890474643412,UK,0.6402431418455369
UKJ1,119635,369750,1899565,250115,455,2269770,0,0.16290196804081472,0.11019398441251757,0.05270798362829714,0.02653705119157062,0.012142714200706166,0.0027781315381608398,UK,0.6764435429344151
UKJ2,120995,327630,2411340,206635,350,2739320,0,0.11960267511645226,0.07543295416380708,0.04416972095264518,0.014304799895011627,0.005690130573879019,0.0019509642490345427,UK,0.6306962121905808
UKJ3,69270,183900,1713950,114630,145,1897990,0,0.09689197519481135,0.06039547099826659,0.036496504196544766,0.009388054857151938,0.0036476129171024605,0.0013319948185684096,UK,0.6233278955954323
UKJ4,65040,160910,1566575,95870,180,1727665,0,0.0931372690886254,0.05549108189376992,0.037646187194855484,0.008674550893287015,0.0030792601697410796,0.001417235410310101,UK,0.5957988937915606
UKK,173435,404350,4884275,230915,310,5288935,0,0.0764520645460759,0.04366001851034282,0.03279204603573309,0.005844918173357356,0.0019061972163234775,0.001075318283209638,UK,0.5710770372202301
UKK1,88570,218500,2128045,129930,160,2346705,0,0.09310927449338541,0.055366993294853846,0.037742281198531555,0.00866933699668459,0.003065503946512391,0.0014244797900690284,UK,0.5946453089244851
UKK2,44115,94325,1179600,50210,90,1274015,0,0.07403758982429563,0.039410838961864654,0.03462675086243098,0.005481564706990644,0.001553214227678029,0.0011990118752888644,UK,0.5323085078187119
UKK3,10985,23720,510735,12735,20,534475,0,0.04437999906450255,0.023827120071097805,0.020552878993404744,0.0019695843169652474,5.677316508825119e-4,4.22420834917538e-4,UK,0.5368887015177065
UKK4,29765,67800,1065895,38035,45,1133740,0,0.05980207102157461,0.03354825621394676,0.02625381480762785,0.0035762876984694533,0.0011254854949966176,6.892627919532194e-4,UK,0.5609882005899706
UKL,67105,167735,2895585,100630,135,3063455,0,0.05475353808037004,0.0328485321312048,0.02190500594916524,0.002997949932318532,0.001079026063174794,4.7982928563296463e-4,UK,0.5999344203654573
UKL1,33885,78820,1854755,44935,70,1933645,0,0.04076239433815411,0.023238495173622874,0.017523899164531235,0.0016615727921791782,5.400276579344937e-4,3.070870419286585e-4,UK,0.5700964222278609
UKL2,33220,88915,1040830,55695,65,1129810,0,0.07869907329550986,0.04929589931050354,0.029403173985006328,0.006193544137572033,0.002430085688831303,8.645466403925529e-4,UK,0.6263847494798404
UKM,159040,369040,4926120,210000,245,5295405,0,0.06969060912243728,0.03965702340047645,0.030033585721960833,0.004856780999856339,0.0015726795049859368,9.020162713183696e-4,UK,0.5690440060698028
UKM2,75410,163620,1857565,88210,110,2021295,0,0.08094810505146453,0.04364033948532995,0.03730776556613458,0.0065525957114229375,0.0019044792303948483,0.0013918693715376572,UK,0.5391150226133724
UKM3,46400,130910,2201035,84515,100,2332050,0,0.05613516005231449,0.03624064664136704,0.019896657447310305,0.0031511561940989643,0.001313384468984428,3.958769775756086e-4,UK,0.6455962111374226
UKM5,23760,50460,425285,26700,20,475765,0,0.10606076529379001,0.05612014334808151,0.04994062194570849,0.011248885934704411,0.0031494704894092177,0.0024940657203241802,UK,0.5291319857312723
UKM6,13470,24045,442240,10575,10,466295,0,0.0515660686904213,0.02267877631113351,0.02888729237928779,0.002659059440185248,5.143268949704304e-4,8.344756610064584e-4,UK,0.43980037429819085
UKN,83000,119125,1691675,36125,60,1810865,0,0.06578347916603391,0.01994902988350871,0.045834449282525204,0.004327466131188018,3.9796379329312356e-4,0.002100796741032375,UK,0.30325288562434416
UKN0,83000,119125,1691675,36125,60,1810865,0,0.06578347916603391,0.01994902988350871,0.045834449282525204,0.004327466131188018,3.9796379329312356e-4,0.002100796741032375,UK,0.30325288562434416
UKZ,0,0,0,0,0,0,0,NA,NA,NA,NA,NA,NA,UK,NA
UKZZ,0,0,0,0,0,0,0,NA,NA,NA,NA,NA,NA,UK,NA
UKM8,35215,105260,1393880,70040,NA,1499215,NA,0.07021007660675754,0.04671778230607351,0.023488959221992844,0.004929454857126763,0.0021825511835976753,5.517312053324427e-4,UK,0.6653999619988599
UKM7,72180,157665,1749655,85485,NA,1907425,NA,0.08265855800359123,0.044816965280417315,0.03784159272317391,0.0068324372112330565,0.002008560376946131,0.0014319861398265686,UK,0.5421938921130244
UKM9,14405,31605,915060,17195,NA,946700,NA,0.03338438787366642,0.018163092848843352,0.015216013520650681,0.0011145173536994055,3.2989794183570454e-4,2.3152706746062433e-4,UK,0.5440594842588199
HU11,78609,126009,1600585,47400,NA,1729040,NA,0.07287801323277657,0.027414056354971544,0.04546395687780502,0.005311204812756757,7.515304858335557e-4,0.0020669713749869147,HU,0.37616360736137894
HU12,45407,57019,1158918,11612,NA,1217476,NA,0.046833777421485104,0.009537765015491065,0.03729601240599404,0.002193402707565208,9.096896149072528e-5,0.0013909925413880613,HU,0.20365141444080045
