region,year_unemployment,unemployment_noed,unemployment_seconded,unemployment_tertiaryed,unemployment_rate
AT11,2009,NA,3.8,NA,4
AT12,2009,7.4,3.8,NA,3.9
AT13,2009,15,8.4,4.2,8.3
AT21,2009,9.8,3.8,NA,4.3
AT22,2009,9.8,3.8,NA,4.5
AT31,2009,7,3.4,NA,3.9
AT32,2009,NA,2.8,NA,3.2
AT33,2009,6.5,2.7,NA,3.2
AT34,2009,9.5,3.7,NA,4.6
BE10,2009,30,19,9,17.3
BE21,2009,10.3,6.3,3.6,6
BE22,2009,10.1,4.7,3,5.3
BE23,2009,9.6,5,3.1,5.2
BE24,2009,9.5,5.1,3,4.8
BE25,2009,7.3,3.6,1.9,3.8
BE31,2009,14.3,10.6,5.1,8.3
BE32,2009,22.7,15.5,5.3,13.9
BE33,2009,19.3,10.7,6.4,11.5
BE34,2009,13,7.7,NA,7.5
BE35,2009,16.1,9.5,5.8,9.6
BG31,2009,29.6,10.7,NA,11.2
BG32,2009,24.8,10,6.1,11.6
BG33,2009,30.4,12.3,5.9,14.6
BG34,2009,21.7,8.3,5.4,10.5
BG41,2009,12.7,8.1,3.8,6.9
BG42,2009,21.3,10.9,4.3,11.5
CH01,2009,12,7.2,4.4,7.2
CH02,2009,8.2,4.2,3,4.5
CH03,2009,7.8,5.2,2.4,4.7
CH04,2009,7,4.3,3.4,4.4
CH05,2009,5.4,3.9,2.5,3.8
CH06,2009,4.9,3.4,1.8,3.1
CH07,2009,8,6.6,3.2,5.9
CY00,2009,7,6.4,5.7,6.3
CZ01,2009,16.5,3.9,2.4,3.7
CZ02,2009,13.7,5.3,1.9,5.2
CZ03,2009,16,5.4,2.5,5.6
CZ04,2009,31.8,8.9,2.2,11.1
CZ05,2009,25.9,6.6,2.3,7
CZ06,2009,22.7,7.6,2.9,7.5
CZ07,2009,29.5,8.2,4.7,8.8
CZ08,2009,33.4,9.5,3.6,10.2
DE11,2009,10.2,4.8,2.4,5
DE12,2009,11.9,4.7,2.4,5.2
DE13,2009,8.2,3.5,2.1,3.9
DE14,2009,9.5,4.5,NA,4.5
DE21,2009,6.6,3.8,2.1,3.6
DE22,2009,7.3,3.6,NA,3.9
DE23,2009,8.8,3.6,NA,4
DE24,2009,11.6,5.7,NA,5.9
DE25,2009,11.3,5.3,2.5,5.5
DE26,2009,10.4,4.9,NA,5.1
DE27,2009,7.1,4.4,NA,4.2
DE30,2009,31.1,12.8,5.5,12.8
DE40,2009,24.5,10.8,3.7,9.8
DE50,2009,14.2,7.2,NA,7.9
DE60,2009,14.9,6.7,3.8,7
DE71,2009,13.9,5.4,2.5,5.8
DE72,2009,12.5,5.5,NA,6
DE73,2009,13.8,5.3,NA,6
DE80,2009,23.5,14.1,4.4,12.3
DE91,2009,14.6,6.1,4.4,7.1
DE92,2009,16.1,6.5,2.7,7
DE93,2009,15.1,4.6,NA,5.7
DE94,2009,12.3,5.3,2.6,5.9
DEA1,2009,17.5,6.5,3.2,7.6
DEA2,2009,16.3,6.3,2.8,7
DEA3,2009,15.9,5.6,2.7,6.6
DEA4,2009,17.4,5.3,2.9,7
DEA5,2009,18.3,6.9,2.7,8.2
DEB1,2009,10.7,4.5,NA,5.1
DEB2,2009,NA,3.8,NA,4.1
DEB3,2009,14.5,5.2,2.2,6
DEC0,2009,14.1,6.2,NA,6.9
DED2,2009,18.3,12.2,5.2,10.3
DED4,2009,23.3,13.7,4.1,11.5
DED5,2009,28.4,14.6,4.4,12.1
DEE0,2009,25.9,12.2,4.1,11.4
DEF0,2009,14.4,6.1,2.9,6.6
DEG0,2009,13.8,10.2,3.4,8.6
DK01,2009,13.3,7.9,4.8,8
DK02,2009,11.8,6.3,2.9,7.1
DK03,2009,12.2,6.7,5,8
DK04,2009,10.5,7.4,4.9,7.6
DK05,2009,11.8,6.2,5.5,7.7
EE00,2009,30.5,19.1,9.4,16.7
EL30,2009,16.1,13.6,8.9,12.6
EL41,2009,10.3,9.1,8.7,9.4
EL42,2009,14.8,16.4,8.4,14.6
EL43,2009,10.2,14.8,10.4,12
EL51,2009,14.2,17.5,10.5,14.5
EL52,2009,13.3,15.8,11.2,13.7
EL53,2009,14.6,17.6,13,15.4
EL54,2009,9.9,15.4,13.2,12.6
EL61,2009,9.1,15.6,11.4,12.1
EL62,2009,12.3,18.7,11.7,14.6
EL63,2009,9,16.3,10.4,11.9
EL64,2009,11.3,14.6,10.7,12.5
EL65,2009,7.6,11.6,10.4,9.6
ES11,2009,18.3,15,11.4,15.3
ES12,2009,20.5,15.8,11.4,15.9
ES13,2009,19.4,13.3,8.9,13.7
ES21,2009,15.9,11.4,7.3,10.7
ES22,2009,16.9,12.9,7.4,11.9
ES23,2009,21,13.4,7.1,14.1
ES24,2009,19.3,15.5,10.1,15
ES30,2009,23.9,17.5,9.2,15.8
ES41,2009,20.3,16.3,9.9,15.8
ES42,2009,27.7,18.3,10.8,21.2
ES43,2009,28.7,20.6,12.8,23
ES51,2009,24.8,15.6,10,17.7
ES52,2009,29,23,13.4,22.9
ES53,2009,24.7,20.1,10.6,20.1
ES61,2009,35.5,25.1,15.5,27.8
ES62,2009,29.1,21.9,11.4,22.9
ES63,2009,35.3,15.2,NA,23.9
ES64,2009,32.6,16.7,NA,22.8
ES70,2009,36,27,16.4,28.6
FI19,2009,17.6,8.9,4.9,9
FI1B,2009,14.4,6.6,3.4,6.4
FI1C,2009,15.4,9.7,5,9.1
FI1D,2009,18,10.9,5.1,10.1
FI20,2009,NA,NA,NA,NA
FR10,2009,14.2,8.3,5.5,8.5
FRB0,2009,10,6.5,5.1,7
FRC1,2009,15.9,7.1,4.6,8.9
FRC2,2009,13.2,7.3,4.3,8.2
FRD1,2009,14.7,6.8,4.7,8.2
FRD2,2009,14.5,8.5,6.1,9.7
FRE1,2009,21.7,12.8,4.8,12.5
FRE2,2009,18.6,9.3,5.5,11.4
FRF1,2009,12.6,7.9,5.7,8.1
FRF2,2009,13.7,8.3,5.2,9.2
FRF3,2009,15.8,8.7,5,9.4
FRG0,2009,13.4,8.1,5,8.5
FRH0,2009,9.8,6.7,5.4,6.8
FRI1,2009,13.9,7.2,5.3,8.1
FRI2,2009,13.7,6.4,NA,7
FRI3,2009,11.8,8,NA,7.7
FRJ1,2009,22.7,11,8.6,13.7
FRJ2,2009,11.5,9.3,4.2,7.8
FRK1,2009,12,6.3,4.5,7
FRK2,2009,12.9,8.1,4.4,8.1
FRL0,2009,14.3,9,6.4,9.7
FRM0,2009,NA,NA,NA,6
FRY1,2009,33.1,22.7,8.7,23.8
FRY2,2009,28.9,20.6,7.9,21
FRY3,2009,33.1,16.3,NA,21
FRY4,2009,38.3,29.1,9.1,28.9
HR03,2009,12,11.1,10.2,11.1
HR04,2009,12.9,13,7.3,11.9
HU10,2009,21.4,9.4,4,8.9
HU21,2009,20.3,9,NA,10
HU22,2009,22.1,8,4.8,9.3
HU23,2009,27.8,10.6,5.5,12.4
HU31,2009,37.4,14.5,6.4,16.2
HU32,2009,30.3,12.9,5.7,14.4
HU33,2009,18.7,10.6,4.1,10.4
IE01,2009,19.8,16.4,9.1,14.6
IE02,2009,22.7,17.6,7.8,14.5
IS00,2009,10.5,7.5,3.6,7.6
ITC1,2009,9.6,7.1,3.7,7.5
ITC2,2009,NA,NA,NA,4.5
ITC3,2009,9.8,5.7,3.9,6.6
ITC4,2009,6.9,5.2,3.7,5.5
ITF1,2009,10.1,8.1,7.6,8.7
ITF2,2009,8.1,8.8,7.9,8.4
ITF3,2009,15.6,14.4,9,13.9
ITF4,2009,15.6,12.5,9.5,13.5
ITF5,2009,14.7,12.3,10.4,12.9
ITF6,2009,12.5,11.9,10.3,11.9
ITG1,2009,17.3,14.4,8.1,14.6
ITG2,2009,16.1,13.7,8,14
ITH1,2009,2.9,2.6,NA,2.7
ITH2,2009,5.8,4,NA,4.2
ITH3,2009,7,5.2,4,5.7
ITH4,2009,7.7,4.7,4.7,5.7
ITH5,2009,6.5,5.7,3.7,5.6
ITI1,2009,7,5.8,4.5,6
ITI2,2009,8.6,6,5.1,6.6
ITI3,2009,5.8,5.6,5.3,5.7
ITI4,2009,11.1,9,6.9,9.2
LT00,2009,39.3,21.8,7.6,17.8
LU00,2009,6.1,4,3.7,4.4
LV00,2009,32.8,21.1,10.6,19.5
MK00,2009,38.9,32.1,21.8,32
MT00,2009,9.4,5.8,1.7,6.8
NL11,2009,10.1,6,3.7,6.2
NL12,2009,7.9,5,3.1,5.3
NL13,2009,9.8,3.3,NA,4.9
NL21,2009,7.4,4.4,3.4,4.9
NL22,2009,6.9,4,3.4,4.6
NL23,2009,12,4,NA,5.7
NL31,2009,6.6,4.2,2.9,4.2
NL32,2009,7.6,4.2,3.4,4.7
NL33,2009,9.3,5.4,2.9,5.7
NL34,2009,4,3.1,NA,3
NL41,2009,7.3,4.1,2.9,4.7
NL42,2009,9.1,4.4,3.7,5.6
NO01,2009,9.7,3.5,2,4
NO02,2009,5.4,3,NA,3.2
NO03,2009,7.3,2.8,2.3,3.7
NO04,2009,5.7,1.9,1.4,2.6
NO05,2009,7.1,2.7,1.9,3.4
NO06,2009,6.2,3.6,1.8,3.6
NO07,2009,7.1,3.1,1.4,3.8
PL21,2009,11.5,10,5.8,9.1
PL22,2009,23.6,9.9,4.5,9.2
PL41,2009,14,9.6,4.5,8.8
PL42,2009,28.9,12.7,5.4,12.4
PL43,2009,24.1,10.7,4.9,10.6
PL51,2009,25.6,12.2,5,11.3
PL52,2009,18.8,9.9,NA,9.7
PL61,2009,19.2,11,4.9,10.6
PL62,2009,20.8,9.6,4.2,9.7
PL63,2009,19.9,10,4.2,9.3
PL71,2009,15.9,10,4.6,9.3
PL72,2009,17.6,12.7,7.8,12
PL81,2009,10.9,10.8,6.8,9.8
PL82,2009,11.3,13,7.8,11.6
PL84,2009,10.7,11.5,6.9,10.2
PT11,2009,13.2,14.1,8.1,12.6
PT15,2009,15.1,11,NA,13.4
PT16,2009,6.9,10.7,7.9,7.6
PT17,2009,14.4,10.2,5.6,11.3
PT18,2009,12.9,9.4,NA,11.4
PT20,2009,7.5,NA,NA,6.8
PT30,2009,7.6,NA,NA,7.4
RO11,2009,3.7,7.5,7.2,6.5
RO12,2009,13.9,10.5,5.3,10.3
RO21,2009,2.5,7.4,5.9,5.5
RO22,2009,6.7,9.5,5,8.2
RO31,2009,6.2,9,5.3,7.8
RO32,2009,14.5,4.5,2,4.7
RO41,2009,4.7,9.3,5.8,7.3
RO42,2009,7.8,5.5,5.6,6
SE11,2009,17.5,6.3,4.4,7.2
SE12,2009,19.2,8.5,5.5,9.7
SE21,2009,14.3,7.3,3.9,7.9
SE22,2009,16.4,8.8,4.9,8.8
SE23,2009,16.7,8.2,4.8,8.7
SE31,2009,15.2,9.1,4.1,9
SE32,2009,18.1,10.1,5.2,10.3
SE33,2009,17.6,9.8,5.2,9.5
SI03,2009,11.6,7.6,5.3,7.8
SI04,2009,11.1,7.3,3.4,6.6
SK01,2009,15.8,6.8,3.9,6.2
SK02,2009,32.2,13.1,4.1,12.7
SK03,2009,41.2,16.4,7.5,16.5
SK04,2009,62.1,15.9,8.1,18.5
TR10,2009,14.2,13.8,11.3,13.5
TR21,2009,8.3,8.5,9.2,8.4
TR22,2009,5.2,7.6,8.8,6
TR31,2009,14.4,16.7,11,14.1
TR32,2009,9.4,13.4,11,10.3
TR33,2009,6.3,9,6.3,6.8
TR41,2009,8.5,11.1,8.6,9.2
TR42,2009,10,13.6,11.4,11.1
TR51,2009,11.9,12.6,7.5,10.7
TR52,2009,6,10.8,8.2,7.1
TR61,2009,8.8,12.6,10.3,9.8
TR62,2009,13.6,19.4,13.8,14.9
TR63,2009,11,15.5,10.2,11.7
TR71,2009,8.5,11.8,7.4,9
TR72,2009,11.5,15.2,11.7,12.3
TR81,2009,7.8,15.8,15.4,10.2
TR82,2009,5.8,13.6,9.7,7.5
TR83,2009,4.9,9.7,8,6
TR90,2009,3.1,9.1,9.3,4.8
TRA1,2009,4.3,9.6,6.3,5.5
TRA2,2009,8.8,8.8,7.7,8.7
TRB1,2009,8.8,15.3,13.2,10.6
TRB2,2009,16.2,18,6.3,15.5
TRC1,2009,11.9,11.5,7.3,11.4
TRC2,2009,12.7,9.9,3.7,11.1
TRC3,2009,10.2,14.1,4.8,10.4
UKC1,2009,15.1,9.5,4.5,9.1
UKC2,2009,16.3,9.4,4.6,9.6
UKD1,2009,11.7,6.3,NA,6.5
UKD3,2009,13.8,9.2,4.6,8.7
UKD4,2009,8.6,6.6,3.5,5.9
UKD6,2009,11.3,6.9,2.8,6.1
UKD7,2009,19,11.3,2.6,10.5
UKE1,2009,13.8,10.8,3.5,9.4
UKE2,2009,9.5,7.6,3.9,6.7
UKE3,2009,15.1,9.4,5.2,9.4
UKE4,2009,16.9,10.1,3.5,9.7
UKF1,2009,16.5,8.8,3.8,8.8
UKF2,2009,11.7,7.6,3.9,7.2
UKF3,2009,7.4,4.7,NA,4.9
UKG1,2009,10.8,6.3,3.4,6.3
UKG2,2009,15.2,7,3.3,7.7
UKG3,2009,18.1,10.6,5.4,11.1
UKH1,2009,11.8,6.4,3.5,6.6
UKH2,2009,10.7,6,3.6,6
UKH3,2009,11.9,6,4.6,7
UKI3,2009,20.5,11.3,5.5,8.1
UKI4,2009,24.5,15.2,5.8,10.9
UKI5,2009,14.4,11.2,6.2,10
UKI6,2009,13.5,8,4.2,7.1
UKI7,2009,12.4,10.9,5.1,8.6
UKJ1,2009,10.3,6.4,3.1,5.8
UKJ2,2009,7.5,5.9,3.3,5.1
UKJ3,2009,12.6,5.4,4.2,6.3
UKJ4,2009,14.5,6.9,3.6,7.7
UKK1,2009,9,5.8,3.2,5.4
UKK2,2009,10.3,5.4,2.7,5.4
UKK3,2009,12.7,7.8,NA,8.1
UKK4,2009,12.2,7,2.4,6.5
UKL1,2009,18.3,9.2,3.6,9.2
UKL2,2009,16.5,8.6,3,7.8
UKM2,2009,14.6,8.2,4.5,7.8
UKM3,2009,18.5,10.3,5.5,10.1
UKM5,2009,NA,NA,NA,3.6
UKM6,2009,14.9,7.7,NA,7
UKN0,2009,11.6,7.9,2.9,7.1
AT11,2010,NA,3.8,NA,3.8
AT12,2010,9.2,3.9,2.4,4.5
AT13,2010,15.7,7.5,4.5,8
AT21,2010,9.8,3.7,NA,4.3
AT22,2010,7,3.5,NA,3.6
AT31,2010,6.9,2.7,NA,3.4
AT32,2010,NA,2.4,NA,2.9
AT33,2010,4.5,2.4,NA,2.7
AT34,2010,8.6,3.2,NA,4.1
BE10,2010,30.1,19.1,8.4,16.9
BE21,2010,11.3,5.4,3.2,5.7
BE22,2010,8.3,3.7,3.4,4.6
BE23,2010,7.7,3.5,2,3.8
BE24,2010,8.1,3.3,2,3.5
BE25,2010,5.9,2.7,2.4,3.2
BE31,2010,13.8,9.2,3.9,6.7
BE32,2010,18.2,12.7,5,11.7
BE33,2010,16.5,9.6,4.2,9.5
BE34,2010,10.4,6,NA,6.2
BE35,2010,15.2,7.7,4.1,8
BG31,2010,32.9,12.4,NA,12.8
BG32,2010,27.8,11.6,5.9,12.8
BG33,2010,33.2,13.1,6.2,15.4
BG34,2010,25.7,9.3,5.4,11.5
BG41,2010,14.9,8.3,4.5,7.5
BG42,2010,25.9,11.3,5.7,12.9
CH01,2010,11.4,6.5,5.4,7.1
CH02,2010,7.5,3.5,2.1,3.8
CH03,2010,8.8,3.9,2.5,4.2
CH04,2010,7.1,4.2,2.5,4
CH05,2010,6,3.3,2.4,3.6
CH06,2010,3.9,2.4,2,2.6
CH07,2010,10.9,5.7,3.6,6
CY00,2010,7.4,8.8,7.2,7.9
CZ01,2010,14.4,3.8,2.5,3.6
CZ02,2010,17.6,5,1.7,5.1
CZ03,2010,19.2,5,2.3,5.3
CZ04,2010,29.1,7.8,1.5,9.5
CZ05,2010,23.9,6.1,2.8,6.6
CZ06,2010,21.3,7.4,3.1,7.2
CZ07,2010,28.2,7.1,3.9,7.6
CZ08,2010,32,8.6,4.2,9.3
DE11,2010,7.7,3.7,1.5,3.6
DE12,2010,10.2,3.7,2.1,4.2
DE13,2010,6.1,2.6,NA,3
DE14,2010,6.9,2.8,NA,3.1
DE21,2010,5.9,2.8,1.5,2.7
DE22,2010,5.4,2.5,NA,2.8
DE23,2010,6.8,3.1,NA,3.4
DE24,2010,7.5,3.9,NA,4.2
DE25,2010,8.8,3.6,NA,4
DE26,2010,5.8,3.4,NA,3.5
DE27,2010,7.8,3,NA,3.4
DE30,2010,27.7,11.9,5.1,11.6
DE40,2010,21,10.3,2.7,8.8
DE50,2010,18.2,5.7,NA,7.7
DE60,2010,12.5,5.2,2.5,5.3
DE71,2010,10.7,4.4,2.3,4.7
DE72,2010,11.9,4.4,NA,5.1
DE73,2010,10.8,4,NA,4.4
DE80,2010,17.8,11.4,4.4,10.1
DE91,2010,16.2,5.3,NA,6.2
DE92,2010,16.6,6.1,2.2,6.7
DE93,2010,12.7,4.6,NA,5.3
DE94,2010,9.3,3.7,NA,4.2
DEA1,2010,16.6,5.7,2.4,6.7
DEA2,2010,15.1,5.2,2.1,6
DEA3,2010,13.1,4.8,NA,5.3
DEA4,2010,13.3,4.6,NA,5.5
DEA5,2010,16.6,5.9,2,7.1
DEB1,2010,9.2,3.8,NA,4.4
DEB2,2010,NA,4,NA,4.1
DEB3,2010,12.2,4.6,NA,5.2
DEC0,2010,15.2,4.5,NA,5.8
DED2,2010,18.3,10.6,3.5,8.6
DED4,2010,23,10.3,2.9,8.8
DED5,2010,26.7,13.3,4,11.1
DEE0,2010,25.8,11.3,3.2,10.4
DEF0,2010,13.8,5.2,2.4,5.8
DEG0,2010,17.8,8.6,3.2,7.6
DK01,2010,14.8,7.5,5.5,8.3
DK02,2010,12,6.5,4.1,7.4
DK03,2010,11.9,6.7,4.4,7.7
DK04,2010,11.1,6,4.9,7.1
DK05,2010,11,7.2,6.2,8.1
EE00,2010,25.7,12.7,8,12.3
EL30,2010,22,20.6,12.4,18
EL41,2010,16.4,15.8,11.2,15
EL42,2010,14.4,17.3,11.6,15.2
EL43,2010,14.7,17.2,15.3,15.8
EL51,2010,21,22.4,15,20.2
EL52,2010,19.8,22,16.7,19.7
EL53,2010,22.8,26,18,23.1
EL54,2010,13.6,20.4,15.5,16.5
EL61,2010,14.6,19.8,15.4,16.8
EL62,2010,13.6,17.8,8.1,14.1
EL63,2010,15.3,21,16.1,17.6
EL64,2010,17.4,20.9,18.1,19
EL65,2010,11.1,15.5,16,13.8
ES11,2010,21.2,17.3,12.2,17.3
ES12,2010,22.7,17,13.9,17.8
ES13,2010,21,15.1,10.2,15.3
ES21,2010,18.5,12.6,8.7,12.4
ES22,2010,17.7,13.6,9,13
ES23,2010,23.7,18,9.4,17.2
ES24,2010,24.4,17.7,9.6,17.1
ES30,2010,24.3,19.4,9.5,16.3
ES41,2010,22.4,15.9,11.1,16.9
ES42,2010,29.1,22.1,13.1,23.1
ES43,2010,31.2,20.2,15.8,25.1
ES51,2010,25.6,18.8,11.7,19.2
ES52,2010,29.8,25.4,14.8,24
ES53,2010,26,22.5,13.3,21.9
ES61,2010,38.2,27.4,17.5,30.1
ES62,2010,31.4,25.8,12.7,25
ES63,2010,40.4,12.7,NA,27.7
ES64,2010,35.4,17.2,NA,22.4
ES70,2010,35.3,28.3,18.9,29.3
FI19,2010,16.1,8.6,4.3,8.3
FI1B,2010,14.6,5.6,3.3,5.8
FI1C,2010,16.6,8.6,4.6,8.5
FI1D,2010,18.3,10.2,4.1,9.4
FI20,2010,NA,NA,NA,NA
FR10,2010,13.8,8.1,5.3,8.2
FRB0,2010,12.8,7.6,5.9,8.3
FRC1,2010,13.5,8,5.8,8.8
FRC2,2010,10.4,7.9,5.5,7.9
FRD1,2010,14.4,8.8,5,9.2
FRD2,2010,13.1,8.9,4.3,8.9
FRE1,2010,22,12.1,4.5,12.3
FRE2,2010,14.3,7.8,3.7,9
FRF1,2010,13.3,6.9,4.6,7.4
FRF2,2010,16.9,8.8,5.3,10.3
FRF3,2010,17.2,9.7,4.8,10.1
FRG0,2010,14.1,8.1,5.1,8.5
FRH0,2010,9.6,7.2,5.4,7.1
FRI1,2010,13.8,7.6,7.4,9
FRI2,2010,11.3,8,NA,7.5
FRI3,2010,12.2,8.2,4.2,8.1
FRJ1,2010,18.6,10.7,7.2,11.9
FRJ2,2010,13.9,9.3,4.1,8.1
FRK1,2010,12.8,8.8,3.8,8.4
FRK2,2010,12.5,7.6,4.5,7.7
FRL0,2010,15.2,9.5,5.9,9.7
FRM0,2010,NA,NA,NA,NA
FRY1,2010,31.5,21.7,8.6,22.6
FRY2,2010,28.3,21.5,8.8,20.8
FRY3,2010,33.2,15.1,NA,21.1
FRY4,2010,40.5,28.7,10,29.6
HR03,2010,16.5,13.3,11.2,13.3
HR04,2010,17.1,14.6,8.1,13.9
HU10,2010,18.7,10.5,3.9,9
HU21,2010,19.9,8.4,3.6,9.5
HU22,2010,19.9,6.2,NA,7.3
HU23,2010,28.3,12.4,3.7,12.9
HU31,2010,42.8,13.2,6.7,16.4
HU32,2010,28.1,13.8,5.6,14.6
HU33,2010,21.3,10.2,4,10.5
IE01,2010,21.6,18.7,9.5,16.1
IE02,2010,24.6,18.5,7.8,15.1
IS00,2010,10.3,6,4.5,7
ITC1,2010,10.8,6.5,3.5,7.6
ITC2,2010,6.1,NA,NA,5.3
ITC3,2010,10.3,5.3,2.8,6.4
ITC4,2010,7.6,5,3.9,5.7
ITF1,2010,8.5,9.2,7.2,8.6
ITF2,2010,9.3,10.5,10.1,9.9
ITF3,2010,18,15.3,9.4,15.4
ITF4,2010,15.3,12.5,8.9,13.2
ITF5,2010,12.7,11.8,10.2,11.9
ITF6,2010,13.1,13.2,10,12.7
ITG1,2010,17,14.1,7.6,14.3
ITG2,2010,17,12.1,7.2,13.5
ITH1,2010,3.7,3.3,NA,3.3
ITH2,2010,6.7,4,NA,4.4
ITH3,2010,5.7,4.7,3.6,4.9
ITH4,2010,6.2,4.8,4.1,5.2
ITH5,2010,6.3,5.3,3.1,5.2
ITI1,2010,7.3,6.3,4.3,6.3
ITI2,2010,7.9,6,5.4,6.4
ITI3,2010,7.1,7,5.5,6.8
ITI4,2010,11.5,8.4,5.9,8.7
LT00,2010,37.9,19,6.2,15.4
LU00,2010,8.3,4.4,3.6,4.9
LV00,2010,29.2,18.2,7.1,16.2
ME00,2010,30.2,20.5,13.2,19.7
MK00,2010,37.5,31.6,23,31.4
MT00,2010,9,5.4,1.8,6.4
NL11,2010,10.1,6.5,4.9,6.8
NL12,2010,7.4,4.4,3.9,5.1
NL13,2010,7.9,4.7,3.1,5.3
NL21,2010,6.7,4.7,3.4,4.9
NL22,2010,7.1,3.9,3.3,4.7
NL23,2010,9.3,4.8,NA,5.4
NL31,2010,6.5,4.4,2.8,4.2
NL32,2010,8.2,4.5,3.2,5
NL33,2010,9.2,5.1,3.1,5.6
NL34,2010,4.5,3,NA,3.2
NL41,2010,7.1,4.1,2.9,4.6
NL42,2010,7.2,4.5,2.5,4.8
NO01,2010,8.9,3.2,1.6,3.4
NO02,2010,4.9,2.7,1.1,2.9
NO03,2010,7.7,2.5,2.1,3.6
NO04,2010,4.7,1.8,1.1,2.2
NO05,2010,6.8,2.5,1.7,3.1
NO06,2010,7.4,3,1.9,3.5
NO07,2010,6.1,2.8,2.1,3.5
PL21,2010,11.9,10.6,5.5,9.3
PL22,2010,25.8,9.5,5.5,9.2
PL41,2010,14.9,9.3,5,8.6
PL42,2010,27.6,12.4,4.3,11.8
PL43,2010,19.9,9.7,5.1,9.4
PL51,2010,24.6,11.3,4.9,10.6
PL52,2010,18,9.4,NA,9.3
PL61,2010,20.9,11.5,5.6,11
PL62,2010,18,10,4.5,9.6
PL63,2010,18.9,9.4,3.3,8.5
PL71,2010,17.6,9.7,4.9,9.3
PL72,2010,14.3,14.1,9.2,12.9
PL81,2010,14,10.8,7.3,10.3
PL82,2010,14,13.6,8.2,12.4
PL84,2010,12.8,10,6,9.3
PT11,2010,13,16.4,9.4,13
PT15,2010,16.8,15,NA,15.4
PT16,2010,9.6,10.9,11,10
PT17,2010,18.4,12,7.7,14.1
PT18,2010,13.1,12.7,8.9,12.4
PT20,2010,11.9,NA,NA,11.3
PT30,2010,15.5,NA,NA,13.5
RO11,2010,4.7,5.2,5.5,5.1
RO12,2010,18.5,10.2,6.2,10.8
RO21,2010,2.4,6,5.5,4.7
RO22,2010,9.2,10.6,5.9,9.6
RO31,2010,9.7,10.9,6.1,10
RO32,2010,14.4,6.2,2.5,5.6
RO41,2010,5,7.9,5.2,6.6
RO42,2010,8.4,5.4,NA,5.7
SE11,2010,16.9,5.5,3.9,6.6
SE12,2010,16.6,7.7,4.4,8.4
SE21,2010,14.3,6.2,3.2,7.1
SE22,2010,17.8,8.6,5.5,9.2
SE23,2010,15.1,6.7,4.3,7.4
SE31,2010,16.8,7.9,4.4,8.8
SE32,2010,17.7,8.6,3.4,8.8
SE33,2010,19.6,7.4,4,8
SI03,2010,11.6,9.9,5.7,9.2
SI04,2010,15.2,7.1,4.2,7
SK01,2010,14.8,7.1,2.9,5.8
SK02,2010,35.2,10.9,2.9,10.7
SK03,2010,35.9,16,8.8,15.9
SK04,2010,58.4,16.4,9.5,18.7
TR10,2010,11.9,10.1,10.3,11.1
TR21,2010,7.9,7.6,9.5,8.1
TR22,2010,3.1,5.6,8,4.3
TR31,2010,12.9,17.8,11.6,13.7
TR32,2010,6.6,9.6,9.4,7.5
TR33,2010,3.3,7.9,7.1,4.5
TR41,2010,6.2,7.3,7.8,6.7
TR42,2010,9.5,12.9,11.6,10.6
TR51,2010,9.5,8.8,6.9,8.5
TR52,2010,4.4,8.1,8.4,5.5
TR61,2010,7.5,10.9,10.3,8.7
TR62,2010,7.8,13.8,9.5,9.3
TR63,2010,9.4,14.7,10.4,10.5
TR71,2010,5.8,10,8.5,7
TR72,2010,8.1,14.2,12.6,9.8
TR81,2010,4.2,12.6,12.3,6.9
TR82,2010,4,10,6.9,5.3
TR83,2010,3.5,7.3,8.1,4.7
TR90,2010,3.6,8.7,10.5,5.3
TRA1,2010,4.7,8.6,6,5.6
TRA2,2010,9,9.2,9.8,9.1
TRB1,2010,6.7,10.9,9,7.8
TRB2,2010,10.5,15,9.3,11
TRC1,2010,13.8,12.9,9,13.2
TRC2,2010,7.8,5,3.4,6.8
TRC3,2010,10.3,11.6,8.7,10.3
UKC1,2010,23.6,10.8,5.1,11.8
UKC2,2010,17.5,10,5.2,9.8
UKD1,2010,12.1,6.3,NA,7
UKD3,2010,16.8,10.5,4.9,9.7
UKD4,2010,11.5,6.9,3.3,6.8
UKD6,2010,10.5,5.7,3,5.7
UKD7,2010,18.2,9.7,4.2,10
UKE1,2010,14.7,9,4.5,8.9
UKE2,2010,9.7,7.2,4,6.5
UKE3,2010,18.7,10.2,5,10.6
UKE4,2010,17.6,9.9,4.4,9.7
UKF1,2010,14.6,10.1,3.2,8.8
UKF2,2010,12.6,7.9,3.6,7.5
UKF3,2010,12.2,6.4,NA,6.5
UKG1,2010,8.1,7.2,3.7,6.1
UKG2,2010,14.1,8,3.2,7.9
UKG3,2010,19.5,10.3,5.6,11.3
UKH1,2010,11.5,5.8,3.3,6.3
UKH2,2010,12.5,6.8,4.1,6.7
UKH3,2010,10.5,6.6,3.9,6.8
UKI3,2010,17.4,16.6,3.9,7.7
UKI4,2010,22.9,18.7,6.5,12
UKI5,2010,15.5,10.8,9.2,11.1
UKI6,2010,12.4,10.8,4.8,8.2
UKI7,2010,14.6,11.2,4.7,8.5
UKJ1,2010,7.6,5.8,3.6,5.2
UKJ2,2010,8.9,5.5,3.6,5.3
UKJ3,2010,11.5,6.2,3,6
UKJ4,2010,15,7.6,4.3,8.2
UKK1,2010,10.1,7.7,3.3,6.5
UKK2,2010,13,5.6,2.9,6
UKK3,2010,11.3,5.5,NA,6.2
UKK4,2010,11.4,7,3,6.5
UKL1,2010,16.2,10.4,5.3,9.9
UKL2,2010,11.5,7.2,3.1,6.5
UKM2,2010,13.9,8.1,4.5,7.4
UKM3,2010,18.1,9.9,5.4,9.6
UKM5,2010,NA,4.3,3.6,4.6
UKM6,2010,11.3,8.6,NA,6.9
UKN0,2010,10.6,8.5,2.4,7.2
AT11,2011,NA,4.2,NA,4.6
AT12,2011,10.3,4.1,NA,4.6
AT13,2011,18.4,8.6,4.1,8.9
AT21,2011,10.1,4.9,NA,5
AT22,2011,6,3.8,2.9,4
AT31,2011,5.9,3.1,NA,3.3
AT32,2011,NA,2.6,NA,2.9
AT33,2011,6.3,2.1,NA,2.8
AT34,2011,8.5,3.2,NA,4
BE10,2011,28.9,21,9,17.4
BE21,2011,10.8,4.9,2.9,5.3
BE22,2011,8.4,4.7,2.7,4.7
BE23,2011,6.9,4.5,2.3,4.1
BE24,2011,9.3,4.6,2.7,4.4
BE25,2011,5.3,4.3,2.5,3.9
BE31,2011,10.5,8.6,5.1,7
BE32,2011,20.9,12.3,4.7,12.1
BE33,2011,16.9,12.6,4.4,10.7
BE34,2011,14.9,7.4,NA,7.6
BE35,2011,12.9,7.7,3.9,7.3
BG31,2011,30.5,12,NA,12.3
BG32,2011,31.1,13.7,6.1,14.3
BG33,2011,37.1,16.2,7.9,18.2
BG34,2011,25,10.8,4.8,11.9
BG41,2011,14.2,9.3,5.3,8.2
BG42,2011,28.2,11.9,6.7,13.8
CH01,2011,11.1,6.8,5.3,7.1
CH02,2011,7,3.8,2.3,3.9
CH03,2011,9,4.5,2.4,4.5
CH04,2011,7.1,3.8,2.7,3.8
CH05,2011,5.6,3.3,2.5,3.5
CH06,2011,4,2.9,2,2.8
CH07,2011,11.3,7.7,4.4,7.4
CY00,2011,13.2,12.7,10.2,11.8
CZ01,2011,14.7,3.4,1.9,3.1
CZ02,2011,17.5,4.5,2,4.6
CZ03,2011,21.6,4.9,2.1,5.3
CZ04,2011,36.8,8.3,3,10.7
CZ05,2011,34,6.6,4,8
CZ06,2011,24,7.8,3.7,7.6
CZ07,2011,25.6,7.2,3.1,7.5
CZ08,2011,37.6,8.5,4.1,9.5
DE11,2011,7.6,3,2,3.4
DE12,2011,9.2,3.5,2.1,4
DE13,2011,4.6,3.1,NA,2.8
DE14,2011,5.1,2.6,NA,2.7
DE21,2011,5.3,2.6,1.8,2.7
DE22,2011,7.3,2.9,NA,3.3
DE23,2011,7.1,2.9,NA,3.2
DE24,2011,7.1,3.1,NA,3.3
DE25,2011,7.8,3.3,2,3.7
DE26,2011,7.7,3.6,NA,3.4
DE27,2011,6.9,2.8,NA,3.2
DE30,2011,26.9,10.3,4.5,10.4
DE40,2011,21.5,9.1,3,8.2
DE50,2011,12.8,6.1,NA,6.6
DE60,2011,14.3,4.6,2.5,5.3
DE71,2011,11.7,4.3,2.5,4.8
DE72,2011,11.3,4.5,NA,5
DE73,2011,11,3.8,NA,4.5
DE80,2011,21.8,12.1,4.1,10.8
DE91,2011,14.7,4.6,2.8,5.5
DE92,2011,12.6,5,2.4,5.4
DE93,2011,11.3,3.7,NA,4.4
DE94,2011,9.2,3.9,2,4.3
DEA1,2011,15.2,5.7,2.3,6.5
DEA2,2011,14.1,4.6,1.8,5.4
DEA3,2011,13.9,3.9,NA,4.9
DEA4,2011,11.1,4.2,NA,4.7
DEA5,2011,15.1,5.8,2.2,6.6
DEB1,2011,8.3,3.9,NA,4
DEB2,2011,NA,NA,NA,2.7
DEB3,2011,10.2,3.7,1.9,4.3
DEC0,2011,16.7,4.7,NA,6.2
DED2,2011,18.4,9.2,2.8,7.5
DED4,2011,23.1,8.9,3,7.9
DED5,2011,27.5,11.4,3,9.5
DEE0,2011,23.5,10.4,3.2,9.5
DEF0,2011,11.6,4.5,2.2,5
DEG0,2011,18.2,8.4,3,7.2
DK01,2011,15.7,7.1,5.5,8.4
DK02,2011,11.8,5.9,3,6.7
DK03,2011,12.4,7.1,4.9,8
DK04,2011,10.7,6.6,4.8,7.2
DK05,2011,11.4,8.2,5,8.2
EE00,2011,23.1,10.5,6.1,10
EL30,2011,36.3,28.8,16.8,25.8
EL41,2011,25.9,21.9,15.1,21.8
EL42,2011,13.7,20,9.1,15.4
EL43,2011,20.8,24.3,20.9,22.3
EL51,2011,22.6,29.1,14.2,22.8
EL52,2011,29.3,28.8,19.8,26.2
EL53,2011,25.6,35.2,26.1,29.7
EL54,2011,21,27,18.5,22.5
EL61,2011,20.4,25.4,20.8,22.6
EL62,2011,13.1,18.8,9.7,14.7
EL63,2011,23.2,28.7,24.8,25.6
EL64,2011,24.6,32.6,24,27.9
EL65,2011,15.1,22.2,20.6,19.2
ES11,2011,25.5,19.4,15,20.5
ES12,2011,29.1,20.4,16.4,21.8
ES13,2011,24.3,16.7,13,17.8
ES21,2011,22.8,17.5,10.9,15.6
ES22,2011,21.8,18.6,10.4,16.2
ES23,2011,27.2,21.1,13.5,20.6
ES24,2011,25.6,17.6,12.9,18.7
ES30,2011,29,21.5,10.5,18.5
ES41,2011,26.4,19,13.4,19.8
ES42,2011,35.1,27.6,17.7,28.6
ES43,2011,40.6,26.5,21.2,33.1
ES51,2011,30.6,22.2,13.4,22.5
ES52,2011,33.8,27.4,18,27.2
ES53,2011,29.9,20.7,14.4,23.2
ES61,2011,43.8,31.2,20.2,34.4
ES62,2011,34.3,26.8,16.6,27.6
ES63,2011,47.6,30.9,20.2,37
ES64,2011,36.9,18.8,18.1,26.9
ES70,2011,38.7,32.3,22.3,32.6
FI19,2011,16.3,8.3,4.5,8.2
FI1B,2011,14.2,6.8,3.5,6.3
FI1C,2011,15.6,7.8,3.6,7.5
FI1D,2011,18.7,10.3,4.3,9.5
FI20,2011,NA,NA,NA,NA
FR10,2011,13.4,8.5,5,8.1
FRB0,2011,14.6,11.9,6.2,10.8
FRC1,2011,13.2,8.3,5.7,8.8
FRC2,2011,14.6,8.7,4.5,9
FRD1,2011,12.6,9,5.3,8.8
FRD2,2011,18.1,10.2,5.1,10.9
FRE1,2011,22.7,13.6,5.2,13.1
FRE2,2011,15.3,10,4.9,10.6
FRF1,2011,15.6,7.4,5.6,8.5
FRF2,2011,16.9,10.5,4.5,10.7
FRF3,2011,20.9,10.4,6.3,11.7
FRG0,2011,14.4,8,4.8,8.4
FRH0,2011,12,7.7,6.7,8
FRI1,2011,14.6,8.9,6.4,9.4
FRI2,2011,11.3,7,NA,6.7
FRI3,2011,12.2,8.7,4.2,8.3
FRJ1,2011,22.4,13.7,9.3,15
FRJ2,2011,12.4,9.1,5.7,8.3
FRK1,2011,16,11.2,3.9,10
FRK2,2011,12.9,8.1,5,8
FRL0,2011,14.6,9.8,5.5,9.6
FRM0,2011,NA,NA,NA,7.9
FRY1,2011,31.3,23.8,9.2,23
FRY2,2011,30.3,21.4,8.5,21
FRY3,2011,33.4,18.5,NA,22.3
FRY4,2011,37.9,29.5,9.9,28.6
HR03,2011,13.7,16.3,11.1,14.8
HR04,2011,19.2,17.7,10.4,16.5
HU10,2011,22.2,10.9,3.9,9.5
HU21,2011,21.9,8.7,4.7,9.9
HU22,2011,18.7,6.7,NA,7.5
HU23,2011,26.2,11.3,4.7,12.1
HU31,2011,38,13.9,6.6,16.1
HU32,2011,27.8,12.8,5.9,13.9
HU33,2011,19.4,10.3,4.4,10.3
IE04,2011,21.6,18.1,9.1,15.7
IE05,2011,25.5,19.1,9.1,16.6
IE06,2011,26.6,19.2,6.9,14.6
IS00,2011,10.3,4.8,2.9,6
ITC1,2011,12.4,8.6,3.9,9.2
ITC2,2011,10,NA,NA,7.1
ITC3,2011,11.6,7.1,4.9,8.1
ITC4,2011,9.5,7,4.7,7.4
ITF1,2011,12.4,11.2,7.4,10.8
ITF2,2011,11.3,13,10.7,12
ITF3,2011,24.2,18.3,10.4,19.2
ITF4,2011,18.7,15,9.3,15.7
ITF5,2011,15.3,15.4,10.1,14.5
ITF6,2011,22.6,19.1,13.6,19.4
ITG1,2011,22.9,17.6,9.1,18.4
ITG2,2011,19.1,14,8.7,15.4
ITH1,2011,5.3,3.5,NA,4.1
ITH2,2011,8.8,5.5,3.9,6.1
ITH3,2011,7.4,5.8,6.3,6.4
ITH4,2011,7.9,6.6,5.4,6.7
ITH5,2011,8.7,6.8,4.6,7
ITI1,2011,9.3,7.4,5.5,7.8
ITI2,2011,11,8.9,8.8,9.5
ITI3,2011,9.8,8.8,8.2,9.1
ITI4,2011,13.4,11.1,6.2,10.6
LT00,2011,34,16.4,5.6,13.4
LU00,2011,8.4,5.2,3.6,5.1
LV00,2011,26.6,17.6,6.4,15
ME00,2011,34.6,21.4,10.9,20
MK00,2011,37.7,31.4,22.4,31
MT00,2011,9.3,4.5,2.1,6.2
NL11,2011,11.3,7.2,3.5,7
NL12,2011,8.7,6.8,3.6,6.4
NL13,2011,10.4,5.7,3.1,6.4
NL21,2011,7.7,5.9,3.3,5.6
NL22,2011,8,4.7,3.6,5.3
NL23,2011,13.2,5.9,3.7,7.3
NL31,2011,8,5.4,3.5,5.2
NL32,2011,9.3,5.2,3.3,5.4
NL33,2011,11.5,6.6,3.7,6.9
NL34,2011,5.7,2.5,NA,3.5
NL41,2011,8.5,4.8,3.1,5.3
NL42,2011,8.7,4.9,2.8,5.4
NO01,2011,6.6,3.3,1.8,3.2
NO02,2011,6.5,2.4,1.4,3
NO03,2011,6.7,3.1,1.8,3.5
NO04,2011,5.5,2,1.9,2.7
NO05,2011,5.1,2.7,1.5,2.9
NO06,2011,8.9,2.2,1.9,3.3
NO07,2011,5.3,2.8,2,3.3
PL21,2011,15.6,11.6,6.5,10.4
PL22,2011,24.3,10.1,5.2,9.4
PL41,2011,18.5,9,5,8.5
PL42,2011,24.5,11.3,5.5,10.9
PL43,2011,18.4,9.6,NA,9
PL51,2011,25.4,12,5.2,11.1
PL52,2011,19.5,9.7,5.4,9.5
PL61,2011,23.5,12.4,6,11.9
PL62,2011,21,11.2,5.5,11
PL63,2011,19.6,10.6,4.7,9.5
PL71,2011,20.9,11.4,6.6,11.1
PL72,2011,14.5,14.3,9.8,13.1
PL81,2011,14.1,11.2,7.4,10.5
PL82,2011,15.4,14.6,8.8,13.2
PL84,2011,12.2,10.5,5.2,9.2
PT11,2011,15.7,20.3,12.7,16
PT15,2011,19.8,17.3,11.2,17.6
PT16,2011,10.8,14.1,12.3,11.7
PT17,2011,21.1,17.9,10.9,17.6
PT18,2011,17,16.7,10.7,16
PT20,2011,17.1,NA,NA,15.1
PT30,2011,18.9,NA,NA,17.2
RO11,2011,3.9,4.9,4.4,4.6
RO12,2011,18.9,8.6,6,9.5
RO21,2011,2.4,5,5.4,4.2
RO22,2011,9.7,9.9,6.7,9.4
RO31,2011,7.9,10.7,6.9,9.5
RO32,2011,16.3,6.9,3.7,6.5
RO41,2011,4.4,7.1,5.8,6.1
RO42,2011,6.8,5,NA,5.1
SE11,2011,18.5,5.6,4,6.8
SE12,2011,18.6,7.6,4.2,8.6
SE21,2011,15.3,6.2,4.2,7.4
SE22,2011,18.8,8.8,5.3,9.4
SE23,2011,15.6,7,4.8,7.7
SE31,2011,17.8,7.9,3.7,8.6
SE32,2011,17.7,7.8,3.8,8.4
SE33,2011,19.2,7.4,3.5,7.7
SI03,2011,13.3,10,7.7,9.9
SI04,2011,16.4,7.9,4.7,7.6
SK01,2011,NA,7.2,2.6,5.7
SK02,2011,38.3,10.6,6.9,11.3
SK03,2011,41,16.5,6.6,16.2
SK04,2011,56.1,16.6,11.1,19
TR10,2011,11.3,10.6,9.6,10.7
TR21,2011,5.5,6.6,7.9,6.2
TR22,2011,3.2,7.3,6.4,4.5
TR31,2011,12.8,14.7,13,13.3
TR32,2011,5,10.3,10.4,6.6
TR33,2011,3.1,6.2,8,4.1
TR41,2011,5.4,7.4,7.8,6.4
TR42,2011,8.2,9.8,9.7,8.9
TR51,2011,9.4,7.8,7.4,8.3
TR52,2011,4.4,6.9,5.3,5
TR61,2011,6.4,9.6,8,7.3
TR62,2011,7.5,12.6,10.1,9.1
TR63,2011,8.3,12,9.2,9
TR71,2011,5.7,7.5,6.5,6.2
TR72,2011,6.2,10.1,9.4,7.3
TR81,2011,4.2,12.4,11.1,6.5
TR82,2011,3.6,8.6,4.8,4.5
TR83,2011,3.7,6.7,9.2,4.9
TR90,2011,3.5,9.3,9.6,5.2
TRA1,2011,4.7,8.1,5.4,5.5
TRA2,2011,6,7.6,6.7,6.3
TRB1,2011,5.2,6.1,8.3,5.8
TRB2,2011,6.8,11.1,8.7,7.5
TRC1,2011,10.8,9.9,10.1,10.6
TRC2,2011,6.7,5.6,0.9,6
TRC3,2011,22.1,15,9.2,18.8
UKC1,2011,20.3,11.5,4.4,11.5
UKC2,2011,15.1,9.5,4.6,9
UKD1,2011,9.1,7.4,NA,6.3
UKD3,2011,16.7,11.1,5.1,10.1
UKD4,2011,11.2,8.8,4.6,7.8
UKD6,2011,12.4,6.9,NA,5.9
UKD7,2011,18,9.9,4.5,9.7
UKE1,2011,17.4,8.7,4.8,9.7
UKE2,2011,NA,6.9,3.5,5
UKE3,2011,19,10.8,4.9,10.4
UKE4,2011,16.4,9.5,4.6,9.4
UKF1,2011,15.5,8,4,8.3
UKF2,2011,11.8,7.2,3.5,7
UKF3,2011,13.9,8.8,NA,8.5
UKG1,2011,6.9,5.8,2.9,4.9
UKG2,2011,11,7.2,2.7,6.7
UKG3,2011,18.3,11.6,6.7,11.7
UKH1,2011,11.3,6.7,3.3,6.4
UKH2,2011,11.6,6.9,3.5,6.3
UKH3,2011,12.7,7.1,4,7.4
UKI3,2011,26.2,11.9,3.3,6.8
UKI4,2011,22.4,16.5,6.4,10.7
UKI5,2011,14.6,9.6,6.5,9.5
UKI6,2011,10,9.3,4.8,7.3
UKI7,2011,16.8,11.6,5.8,9.2
UKJ1,2011,10,6.2,3.8,5.7
UKJ2,2011,8.4,6.7,4.1,5.9
UKJ3,2011,9.4,7.5,3.8,6.3
UKJ4,2011,13.1,8.4,4.4,8
UKK1,2011,10.2,7,3.4,6.1
UKK2,2011,9.2,5.3,2.9,5.1
UKK3,2011,NA,6.5,NA,5.5
UKK4,2011,7.6,6.5,3.7,5.8
UKL1,2011,17.3,9.3,3.9,9.2
UKL2,2011,18.3,6.9,3.2,7.6
UKM2,2011,15.4,8.4,4.3,7.6
UKM3,2011,17.6,9.8,4.6,9.2
UKM5,2011,NA,5.3,NA,4.7
UKM6,2011,13.1,8,5.7,8.1
UKN0,2011,12.5,8.6,2.6,7.4
AT11,2012,NA,4,NA,4.3
AT12,2012,10.7,4.4,2.3,5
AT13,2012,17,9,5.8,9.2
AT21,2012,12.2,4.8,NA,5.5
AT22,2012,9.3,4.3,NA,4.7
AT31,2012,7,3.8,3.1,4.3
AT32,2012,7.8,2.5,NA,3.2
AT33,2012,6.4,2.4,NA,3.1
AT34,2012,NA,3,NA,3.6
BE10,2012,33,21.8,10,19.2
BE21,2012,10.9,5.7,4.3,6.2
BE22,2012,8.9,5.8,2.8,5.5
BE23,2012,6.6,3.7,3.2,4
BE24,2012,10.1,5.7,4,5.5
BE25,2012,6.7,3.9,2.4,3.9
BE31,2012,17.1,9.7,4.8,8.2
BE32,2012,24.2,12.9,5.6,13.2
BE33,2012,18.6,11.8,6.7,11.7
BE34,2012,12,9.1,NA,7.9
BE35,2012,17,11.5,5.7,10.4
BG31,2012,35.5,13.4,4.8,14
BG32,2012,37,13,8,15.3
BG33,2012,36.8,14.6,8.4,16.8
BG34,2012,27.2,11.9,5.7,13
BG41,2012,20.3,11.1,6.1,9.8
BG42,2012,27.2,12.2,5.8,13.5
CH01,2012,12.5,6.9,5.4,7.4
CH02,2012,7.2,4.3,2.3,4.1
CH03,2012,9.2,4.1,2.9,4.4
CH04,2012,7.4,4.3,3.5,4.4
CH05,2012,5.9,4,2.4,3.9
CH06,2012,4.5,2.6,2.5,2.8
CH07,2012,12,7.4,6.1,7.7
CY00,2012,19.2,17.2,13.2,15.9
CZ01,2012,13,3.7,1.6,3.1
CZ02,2012,18.7,5.1,2.3,5.2
CZ03,2012,21.1,4.6,3.6,5.2
CZ04,2012,29.8,8.3,2.5,9.6
CZ05,2012,28.1,7.9,3.8,8.3
CZ06,2012,20.5,7.3,2.8,6.8
CZ07,2012,29.2,7.7,2.6,8
CZ08,2012,34.2,9.5,4.2,9.9
DE11,2012,7.6,3.4,1.9,3.6
DE12,2012,7.7,3.2,1.9,3.6
DE13,2012,5.7,2.7,1.8,2.9
DE14,2012,6.4,2.9,NA,2.9
DE21,2012,5.6,2.4,1.6,2.5
DE22,2012,8.3,2.9,NA,3.2
DE23,2012,7,3.1,NA,3.4
DE24,2012,9.7,3.5,NA,3.9
DE25,2012,5,3.3,NA,3.1
DE26,2012,5.8,3.2,NA,3.3
DE27,2012,6.4,3.1,NA,3.3
DE30,2012,26.8,10.1,4.6,10.4
DE40,2012,19,8.2,2.7,7.3
DE50,2012,13.3,6.8,NA,7
DE60,2012,12.1,4.4,2.2,4.7
DE71,2012,9.9,4,2.3,4.3
DE72,2012,9.8,4.3,NA,4.5
DE73,2012,10,4,NA,4.3
DE80,2012,20.5,11.4,3.8,10
DE91,2012,15.9,5.6,2.5,6.2
DE92,2012,13.3,4.9,2.2,5.4
DE93,2012,12,3.5,NA,4.3
DE94,2012,8.4,3.6,2,4
DEA1,2012,15.4,5.2,2.6,6.3
DEA2,2012,12.5,5.4,2.8,5.8
DEA3,2012,12.4,4.6,1.7,5.1
DEA4,2012,11.9,4.3,NA,5
DEA5,2012,15,5.4,3.2,6.5
DEB1,2012,8.7,3.2,NA,3.8
DEB2,2012,NA,NA,NA,3
DEB3,2012,10.2,4,NA,4.4
DEC0,2012,15.2,4.8,NA,5.9
DED2,2012,22.4,8.5,2.9,7.2
DED4,2012,19.4,8.5,3,7.4
DED5,2012,29.1,10.8,3.1,9.2
DEE0,2012,21.3,10.2,2.7,9.1
DEF0,2012,11.8,4.4,2.3,4.9
DEG0,2012,15.7,6.8,2.5,6
DK01,2012,14.4,7.4,4.8,7.7
DK02,2012,13.1,5.6,4.2,7.3
DK03,2012,11.6,6.9,5.1,7.7
DK04,2012,10.9,6.1,4.4,6.9
DK05,2012,10.4,6.1,4.3,6.9
EE00,2012,15,9.6,5.8,8.6
EL30,2012,41.5,32.5,18.6,28.7
EL41,2012,27.1,22.5,16.6,22
EL42,2012,23.4,22.9,14.4,21.3
EL43,2012,24.9,27.2,20.7,24.9
EL51,2012,28.2,31.9,15.8,26.8
EL52,2012,32.5,33.5,23.5,30.2
EL53,2012,29.4,37.4,25.2,31.6
EL54,2012,26.4,33.8,20.4,27.4
EL61,2012,22.8,29.4,22.4,25.4
EL62,2012,16.1,21.9,14.2,18.1
EL63,2012,24.7,31.9,28.6,28.4
EL64,2012,25.4,32.3,25.1,28.2
EL65,2012,18.7,25.2,21.3,21.9
ES11,2012,27.2,21.9,15.9,22
ES12,2012,32.2,25.7,16.8,24.1
ES13,2012,25.9,21.9,15.2,20.4
ES21,2012,23.5,20.8,11.2,16.6
ES22,2012,25.6,19.6,11.3,17.9
ES23,2012,27.1,19.6,13.3,20
ES24,2012,27.1,23.3,14.4,21.4
ES30,2012,29.9,22.9,12.4,19.8
ES41,2012,28.7,20.1,15.7,21.7
ES42,2012,37.5,27.4,18.9,30
ES43,2012,42.1,29,20.6,33.9
ES51,2012,31.8,23.1,13.7,23.1
ES52,2012,35,29.2,18.1,28
ES53,2012,29.8,20.2,12.6,22.3
ES61,2012,45.7,33.3,22.4,36.2
ES62,2012,35,32.3,17.2,29
ES63,2012,48.6,17.4,21,34.8
ES64,2012,54.5,21.3,11.3,32.5
ES70,2012,41.6,31.8,23.1,33.7
FI19,2012,17.6,9.2,4.1,8.5
FI1B,2012,15.7,7.3,3.7,6.7
FI1C,2012,17.2,8.4,4.9,8.4
FI1D,2012,19,10.3,5.7,9.9
FI20,2012,NA,NA,NA,NA
FR10,2012,13.9,9.7,6.1,9
FRB0,2012,17.4,10.5,5.5,10.6
FRC1,2012,16.3,11.4,4.5,10.6
FRC2,2012,13.3,9.6,6.7,9.5
FRD1,2012,14,8.9,6.1,9.1
FRD2,2012,20.7,10.8,5.2,11.6
FRE1,2012,27.2,15.5,6,14.7
FRE2,2012,18.1,10.7,4.7,11.5
FRF1,2012,17.4,8.6,7.1,9.7
FRF2,2012,17.7,9.7,4.9,10.5
FRF3,2012,21.8,11.3,7.3,12.1
FRG0,2012,14.4,8.4,6,8.8
FRH0,2012,13.9,8,5.7,8
FRI1,2012,12.8,9.5,5.7,8.9
FRI2,2012,13,6.5,3.7,6.9
FRI3,2012,13.2,9.5,8.1,9.9
FRJ1,2012,19.9,13.2,7,12.9
FRJ2,2012,16.7,9.3,5.2,8.6
FRK1,2012,14.8,9.3,4.5,8.9
FRK2,2012,13.8,8.9,5.2,8.4
FRL0,2012,14.8,11.7,7.3,10.9
FRM0,2012,16.3,11.6,9,12.3
FRY1,2012,34.4,27.2,12.2,26.2
FRY2,2012,29.8,25.4,10.1,22.8
FRY3,2012,34.6,17.8,NA,21.3
FRY4,2012,40.4,29.9,9.2,28.9
FRY5,2012,24.1,22.3,NA,19.4
HR03,2012,15.1,16,12.1,15
HR04,2012,22.7,19.9,10.8,18.3
HU11,2012,27.3,10.5,3.3,8.5
HU12,2012,19.7,9.7,2.7,9.1
HU21,2012,20.1,8.3,NA,8.7
HU22,2012,18.1,6.8,4,7.7
HU23,2012,20.6,8.8,NA,9.3
HU31,2012,28,11.2,5.2,12.6
HU32,2012,29.9,12.9,5.4,14.2
HU33,2012,20.9,10.6,6.1,11
IE04,2012,17.3,15.8,8.2,13.1
IE05,2012,21.6,16.6,8.2,14.3
IE06,2012,24.2,18.3,6.7,13.6
IS00,2012,8.4,4.4,3.5,5.4
ITC1,2012,13.2,10.4,5.5,10.5
ITC2,2012,10.2,7.7,NA,8.3
ITC3,2012,14.9,8.8,4.6,9.8
ITC4,2012,10.8,7.5,4.5,8
ITF1,2012,12.7,12,7.2,11.3
ITF2,2012,15.9,16.1,13.9,15.6
ITF3,2012,27.9,20,10.8,21.5
ITF4,2012,22.9,19.4,12.3,19.7
ITF5,2012,18,14.1,13,15.2
ITF6,2012,27,21.7,13.9,22.3
ITG1,2012,27,19.1,11.1,21
ITG2,2012,21.6,15.8,9.8,17.5
ITH1,2012,5.9,3.8,NA,4.4
ITH2,2012,7.7,6.2,5.3,6.5
ITH3,2012,8.9,7.1,6.5,7.6
ITH4,2012,8.8,7.7,5.9,7.7
ITH5,2012,10.5,8,5.7,8.4
ITI1,2012,9.5,9,6.1,8.7
ITI2,2012,11.7,10.4,8.2,10.3
ITI3,2012,13.9,10.2,7.6,10.9
ITI4,2012,15.3,12.7,6.7,12
LT01,2012,34.2,14.1,3.7,9.7
LT02,2012,32.2,14.4,5.9,12.6
LU00,2012,10.2,5.9,3.9,5.8
LV00,2012,25.1,13.1,5.9,11.9
ME00,2012,41.4,20.6,9.8,19.5
MK00,2012,34.2,28.7,23.5,29
MT00,2012,9.5,4.2,2.4,6.1
NL11,2012,11.2,8.8,5.4,8.2
NL12,2012,12.9,7.9,4.4,8.3
NL13,2012,11.1,6.4,4.2,7.1
NL21,2012,11.7,7,3.6,7.2
NL22,2012,10.3,6.5,3.6,6.6
NL23,2012,16.3,9,5.6,9.9
NL31,2012,10,6.8,4.3,6.4
NL32,2012,11.9,7.7,3.9,7.2
NL33,2012,12.2,8.3,4.4,7.9
NL34,2012,7.2,3.3,5.5,5
NL41,2012,10.2,6.4,4.1,6.7
NL42,2012,11.3,6.8,4.1,7.4
NO01,2012,9.1,4,2.1,3.9
NO02,2012,5.6,2.3,2.1,2.9
NO03,2012,8.9,3,1.9,3.9
NO04,2012,7,2.5,1.9,3.2
NO05,2012,7,2,2,3.1
NO06,2012,7.2,2,1.2,2.6
NO07,2012,6.5,2.4,1.6,3.2
PL21,2012,18.2,12.1,6.8,10.9
PL22,2012,23.4,10.8,5.4,9.7
PL41,2012,17.6,9.5,5,8.8
PL42,2012,23.6,10.5,5,10.1
PL43,2012,22,10.1,5.1,9.7
PL51,2012,29.7,12.7,4.2,11.3
PL52,2012,NA,10,NA,9.4
PL61,2012,25.7,13.3,5.6,12.4
PL62,2012,20.3,12.4,5.1,11.4
PL63,2012,22,11.2,4.8,10
PL71,2012,19.6,11.5,7.4,11.1
PL72,2012,16.3,14.7,8.6,13
PL81,2012,13.5,11.2,7.3,10.3
PL82,2012,20.1,15.6,9.3,14.4
PL84,2012,14.7,10.9,6.1,9.9
PL91,2012,16.9,8.1,3.3,5.9
PL92,2012,20,10.5,6.6,10.5
PT11,2012,17,19.5,14.7,17.1
PT15,2012,19.1,17.3,NA,16.9
PT16,2012,10.6,12.6,12.8,11.5
PT17,2012,23,18.5,11.5,18.5
PT18,2012,18.1,16.8,12.6,16.9
PT20,2012,19.2,NA,NA,17
PT30,2012,19.4,21.3,NA,18.1
RO11,2012,2.7,4.6,4.1,4.1
RO12,2012,17.7,9.2,4.6,9.5
RO21,2012,2.2,5.4,6,4.4
RO22,2012,9.6,10,7.5,9.5
RO31,2012,9.1,10.1,7.3,9.5
RO32,2012,19.4,8.6,4.9,8
RO41,2012,3.4,9.3,6,7
RO42,2012,7.8,4.9,NA,5.2
RS11,2012,23.1,18.9,14.8,17.8
RS12,2012,29.6,24.2,17.1,23.9
RS21,2012,12.7,27.4,20.8,22.3
RS22,2012,19.3,26.3,23.1,24
SE11,2012,19.1,5.6,4,6.9
SE12,2012,20.7,7.6,4.6,8.8
SE21,2012,14.3,6.2,4,7.1
SE22,2012,21.4,8.9,5.6,9.9
SE23,2012,17.7,7.3,4.4,8
SE31,2012,19.2,8,3.8,8.8
SE32,2012,14.6,6.6,4.1,7.2
SE33,2012,18.4,6.8,3.5,7.2
SI03,2012,17.1,11.7,7.7,11.3
SI04,2012,18,9.5,4.8,8.7
SK01,2012,16.4,7.3,4,6.4
SK02,2012,36,11.4,6.4,11.7
SK03,2012,45.4,16.7,7.3,16.8
SK04,2012,50.5,17,11.2,18.5
TR10,2012,11.4,10.1,9.6,10.6
TR21,2012,6.1,5.9,8.1,6.4
TR22,2012,4.1,8.2,8.4,5.6
TR31,2012,13.9,17.4,12.1,14.3
TR32,2012,4.8,8.7,9.1,6
TR33,2012,3.8,7.7,11.5,5.2
TR41,2012,5,7,7.3,6
TR42,2012,7.8,12.4,8.5,9
TR51,2012,9.3,9.5,8.3,9
TR52,2012,3.2,5.4,4.8,3.8
TR61,2012,6.2,9,8.8,7.2
TR62,2012,9.9,14.6,11.9,11.3
TR63,2012,10.5,11.1,12,10.8
TR71,2012,4.7,6.9,7.3,5.5
TR72,2012,7.5,11,9,8.4
TR81,2012,3.8,10.5,12,6.2
TR82,2012,4.5,10.8,4.3,5.6
TR83,2012,4.1,8.4,9.6,5.5
TR90,2012,4.8,8.9,7.3,6
TRA1,2012,5.3,7.9,7.4,6.1
TRA2,2012,5.2,8.3,5.9,5.6
TRB1,2012,3.9,8.9,10.8,5.7
TRB2,2012,9.3,11.1,6.2,9.2
TRC1,2012,6.1,6.5,6.1,6.2
TRC2,2012,16.5,13.2,15.2,16
TRC3,2012,22.6,14.6,10.8,19.4
UKC1,2012,18.2,11.9,3.9,10.9
UKC2,2012,15.4,11.4,2.7,9.2
UKD1,2012,NA,6.2,NA,5.1
UKD3,2012,14.2,10.4,5.7,9.4
UKD4,2012,12.2,7.5,4,7.2
UKD6,2012,8.6,7.1,2.4,5.2
UKD7,2012,14.9,10,3.5,8.9
UKE1,2012,13.8,9,3.6,8.4
UKE2,2012,10.5,4.6,NA,4.4
UKE3,2012,19.4,10.2,4.8,10.5
UKE4,2012,20,8.7,3.6,9.3
UKF1,2012,14.9,6.8,3.7,7.2
UKF2,2012,14.4,7.4,4.8,7.8
UKF3,2012,11.5,6.4,NA,6.4
UKG1,2012,10.8,5.1,2.5,5.1
UKG2,2012,10.3,6.8,2.7,6.2
UKG3,2012,22.7,13.3,4.7,13
UKH1,2012,12.5,6.1,3.2,6.2
UKH2,2012,10.3,6.1,2.9,5.6
UKH3,2012,11.6,6.3,2.9,6.3
UKI3,2012,19.4,10.2,4.3,6.8
UKI4,2012,16.4,16.7,5.4,9.8
UKI5,2012,14.2,10.2,6.8,9.5
UKI6,2012,12.6,10.2,4.2,7.4
UKI7,2012,14.7,10.7,5.5,8.4
UKJ1,2012,9.8,6.1,2.9,5.2
UKJ2,2012,8.2,6.5,3.5,5.5
UKJ3,2012,11.1,6.1,3,5.7
UKJ4,2012,10,8.4,5.1,7.6
UKK1,2012,11.1,6.9,3.3,6.2
UKK2,2012,12.7,4.1,4,5.4
UKK3,2012,NA,6.4,NA,5.6
UKK4,2012,14.6,5.6,4.6,7
UKL1,2012,16.1,7.6,3.2,7.8
UKL2,2012,16.9,7.6,3,7.4
UKM5,2012,10.4,3.9,NA,4.7
UKM6,2012,NA,4.4,4.5,4.4
UKM7,2012,14.6,8.6,4.4,7.5
UKM8,2012,13.3,11.6,3,8.1
UKM9,2012,16.2,7.7,4.4,7.8
UKN0,2012,11.3,9.2,2.8,7.5
AT11,2013,NA,4.9,NA,4.8
AT12,2013,11,4.6,3.2,5.1
AT13,2013,20.5,10.3,6.7,10.2
AT21,2013,12.7,5.8,3.7,6
AT22,2013,10.6,4.5,3.1,4.9
AT31,2013,8.7,3.2,2.8,4
AT32,2013,NA,3.2,NA,3.5
AT33,2013,6,2.9,NA,3.2
AT34,2013,NA,2.7,NA,3.4
BE10,2013,30.8,22,9.8,18.3
BE21,2013,9.6,6.9,4,6.1
BE22,2013,8.9,6.3,3.1,5.6
BE23,2013,9.2,4.7,1.5,4.3
BE24,2013,10.1,5.4,3.2,5
BE25,2013,7.5,3.7,2.9,4.2
BE31,2013,20.1,10.2,5.1,8.8
BE32,2013,25.1,14.2,7.2,14.4
BE33,2013,21.4,12.2,6.7,12.3
BE34,2013,13.6,10.8,NA,8.5
BE35,2013,14.5,11.2,3.9,8.9
BG31,2013,40.1,13.2,NA,14.2
BG32,2013,31.2,11.4,5.9,13.2
BG33,2013,30.6,11.1,4.5,12.6
BG34,2013,24,10.5,7,11.9
BG41,2013,25.2,9.9,4.5,8.9
BG42,2013,26.2,9.8,6,12
CH01,2013,12.5,7.2,5.5,7.5
CH02,2013,9,4.1,3,4.5
CH03,2013,11.6,3.9,3,4.6
CH04,2013,6,4.5,3,4.1
CH05,2013,5.5,3.7,2.2,3.5
CH06,2013,5.1,3.7,2.9,3.7
CH07,2013,9.3,7.4,5.7,7.1
CY00,2013,19.3,18.2,12.9,16.1
CZ01,2013,7.2,2.8,1.8,2.5
CZ02,2013,18.3,5.2,2.6,5.1
CZ03,2013,17.4,4.9,4.2,5.5
CZ04,2013,26.3,7.5,3.1,8.7
CZ05,2013,20,6.3,3,6.3
CZ06,2013,20.4,6.1,3.2,5.9
CZ07,2013,26.1,6.8,2.8,6.9
CZ08,2013,29.9,8.2,3.3,8.6
DE11,2013,6.1,2.9,1.9,3.1
DE12,2013,6.9,3.3,2.1,3.5
DE13,2013,6.2,2.6,2,3
DE14,2013,6.2,2.4,NA,2.6
DE21,2013,5.2,2.5,1.7,2.5
DE22,2013,7.3,2.4,NA,2.8
DE23,2013,NA,2.5,NA,2.7
DE24,2013,9.2,3.6,NA,4
DE25,2013,7.6,2.8,NA,3.1
DE26,2013,NA,2.8,NA,2.9
DE27,2013,7,2.7,NA,3
DE30,2013,26.5,9.1,4.6,9.8
DE40,2013,17.4,7.4,2.8,6.7
DE50,2013,14.8,5.5,NA,6.6
DE60,2013,10.9,4.3,3.5,5
DE71,2013,11,4,2.3,4.5
DE72,2013,12.1,3.7,NA,4.5
DE73,2013,12.7,3.3,NA,4.4
DE80,2013,19.4,10.4,4.4,9.6
DE91,2013,14.5,4.7,NA,5.5
DE92,2013,12.6,4.7,2.6,5.2
DE93,2013,10.5,3.4,NA,4
DE94,2013,10.3,3.3,2.1,4.1
DEA1,2013,14.6,5.3,2.9,6.3
DEA2,2013,13.2,4.3,2.6,5.3
DEA3,2013,12.9,4,2.1,4.9
DEA4,2013,10.5,4.5,2.7,5
DEA5,2013,14,4.8,2.2,5.7
DEB1,2013,9.7,3.6,NA,4
DEB2,2013,NA,NA,NA,3
DEB3,2013,9.8,3.4,NA,3.9
DEC0,2013,15.6,3.9,NA,5.8
DED2,2013,22.6,8.3,3.2,7.4
DED4,2013,17.1,6.9,2.8,6.3
DED5,2013,29.2,8.7,3.5,8.3
DEE0,2013,23.5,9.3,3.2,8.8
DEF0,2013,12.2,3.9,2.2,4.6
DEG0,2013,16.9,6.4,3,6
DK01,2013,14.1,6.7,5.3,7.5
DK02,2013,11.5,5.7,3.4,6.6
DK03,2013,11.3,6.4,3.8,7
DK04,2013,9.2,5.4,5.2,6.3
DK05,2013,9.6,6.5,4.8,6.9
EE00,2013,13,8.1,4.8,7.4
EL30,2013,37.4,31.8,18.2,27.3
EL41,2013,27.9,22.9,16,22.3
EL42,2013,20.2,23.6,11.7,20.1
EL43,2013,25.5,25.9,18.1,24
EL51,2013,24.5,27.7,18.3,24.2
EL52,2013,30.8,31.5,23,28.7
EL53,2013,27.7,30.7,23.1,27.6
EL54,2013,24,34.5,19.2,26.8
EL61,2013,20.9,29.4,24.6,25.4
EL62,2013,20.5,24,17.6,21.4
EL63,2013,26,33.4,25.4,28.7
EL64,2013,23.4,30,26.3,26.8
EL65,2013,22.4,24.8,22,23.4
ES11,2013,27.7,21.5,14.9,21.7
ES12,2013,29.7,19.2,15.9,21.1
ES13,2013,27.2,19.7,13.4,19.4
ES21,2013,25.3,18.9,10.5,16.3
ES22,2013,23.8,18.5,8.8,15.7
ES23,2013,25.4,19,11.1,18.2
ES24,2013,27,22.4,12.4,20.2
ES30,2013,28.3,22.8,11.7,18.7
ES41,2013,27.4,19.7,14.6,20.8
ES42,2013,36.6,26.7,18.9,29
ES43,2013,38,24.6,18.4,29.8
ES51,2013,29.2,20.6,11.5,20.3
ES52,2013,32.8,26.4,16.8,25.8
ES53,2013,25.6,18.8,12.6,20
ES61,2013,44.6,30.8,21.4,34.8
ES62,2013,32.8,27.1,16.1,26.6
ES63,2013,45.8,19,16.5,31.9
ES64,2013,48.4,23.5,9.8,28.4
ES70,2013,39.9,31.2,21.5,32.4
FI19,2013,15.4,9.6,5.1,8.7
FI1B,2013,16.1,8,4.4,7.3
FI1C,2013,19.2,9.4,5.8,9.4
FI1D,2013,19.6,10.8,5.7,10
FI20,2013,NA,NA,NA,NA
FR10,2013,14.6,10.5,6.9,9.7
FRB0,2013,13.5,10.3,5.4,9.5
FRC1,2013,17.1,11.5,5.5,10.7
FRC2,2013,12.5,9.7,8.6,9.9
FRD1,2013,11.8,8,6,8.2
FRD2,2013,21.3,11.5,5.6,11.9
FRE1,2013,23.4,15.7,6.2,13.8
FRE2,2013,16.3,11.7,6.6,11.6
FRF1,2013,19.5,9.9,5.7,10.1
FRF2,2013,16.2,11.4,6.8,11.4
FRF3,2013,18.1,12.4,7.2,11.8
FRG0,2013,16.9,7.8,5.5,8.6
FRH0,2013,12.6,7.3,5.7,7.4
FRI1,2013,14.7,9.6,5.8,9.1
FRI2,2013,15.7,8.8,6.2,9.3
FRI3,2013,18.4,11.1,6.2,10.9
FRJ1,2013,18.7,14.2,6.2,12.3
FRJ2,2013,17.8,9,6.6,9.1
FRK1,2013,11.6,7.1,5.1,7.3
FRK2,2013,15.2,9.2,5.6,8.8
FRL0,2013,16.1,10.2,6.5,10
FRM0,2013,17.2,8.8,5,9.8
FRY1,2013,33.3,24.7,8.6,23.9
FRY2,2013,24.4,20.7,11,19.4
FRY3,2013,32.2,19.2,NA,22.2
FRY4,2013,37.2,26.3,9.5,26.4
FRY5,2013,24.2,21.6,NA,20.3
HR03,2013,27.8,17.9,11.8,17.2
HR04,2013,24.7,19.1,8.4,17.3
HU11,2013,22.4,6.3,3.2,6
HU12,2013,12.7,7.1,2.5,6.5
HU21,2013,13.6,4.9,NA,5.6
HU22,2013,10.8,4,2.8,4.6
HU23,2013,19.4,6.9,NA,7.8
HU31,2013,22.3,9.3,4.5,10.4
HU32,2013,24.5,10.7,3.5,11.8
HU33,2013,16.6,8.9,4.1,9
IE04,2013,15.4,13.3,7.9,11.5
IE05,2013,19.8,14.6,7.4,12.6
IE06,2013,21.3,15.3,6.4,11.5
IS00,2013,7,4.3,3.7,4.9
ITC1,2013,15,10.6,6.2,11.3
ITC2,2013,11.8,7.5,NA,8.9
ITC3,2013,15.9,9.7,5.7,10.8
ITC4,2013,10.5,8,5,8.2
ITF1,2013,12.1,13.3,11.4,12.6
ITF2,2013,13.9,16.3,14.8,15.2
ITF3,2013,27.8,20.3,12.1,21.7
ITF4,2013,25.6,20.6,13.4,21.5
ITF5,2013,15.4,14.3,14.7,14.7
ITF6,2013,27.2,22.9,17.4,23.4
ITG1,2013,28.2,20.6,11.8,22.2
ITG2,2013,22.6,17.1,10.7,18.6
ITH1,2013,7,3.5,NA,4.4
ITH2,2013,9.6,6.4,5,6.9
ITH3,2013,8.4,7.3,6.2,7.5
ITH4,2013,9.6,7.4,7.1,8
ITH5,2013,10.4,8.1,5.6,8.3
ITI1,2013,12.7,9.8,5.9,10.1
ITI2,2013,12.8,11.8,8.2,11.3
ITI3,2013,11.8,10.1,7.2,10.1
ITI4,2013,17.1,12.8,7.4,12.5
LT01,2013,30,12.7,3,8.5
LT02,2013,29.5,13.7,4.9,11.6
LU00,2013,10.2,6.3,3.9,5.9
LV00,2013,24,11.7,5.6,10.8
ME00,2013,31.8,19.7,9.9,18
MK00,2013,32.1,28.3,22.5,28
MT00,2013,9,3.9,2.6,5.7
NL11,2013,15.3,8.1,4.6,8.6
NL12,2013,12.8,6.8,4.8,7.9
NL13,2013,12.6,6.5,3.8,7.3
NL21,2013,13.1,6.9,3.4,7.3
NL22,2013,10.8,7.2,3.8,6.9
NL23,2013,18.2,10.5,5.5,11
NL31,2013,10,7.3,3.9,6.4
NL32,2013,11.9,7.6,3.6,6.9
NL33,2013,13.7,8.4,4.6,8.4
NL34,2013,8.7,4.9,NA,5.4
NL41,2013,10.8,6.9,4.1,7
NL42,2013,10.8,7.2,4.2,7.4
NO01,2013,7.8,4.7,2.1,3.8
NO02,2013,6.9,1.8,2.2,2.9
NO03,2013,8.1,3.4,2.8,4.1
NO04,2013,6.8,2.4,2,3.1
NO05,2013,5.8,2.7,2.1,3
NO06,2013,10.8,2.6,2.4,3.8
NO07,2013,7.9,2.4,1.7,3.3
PL21,2013,17.1,10.2,5.6,9.1
PL22,2013,25.1,9.5,4.5,8.6
PL41,2013,13.7,8.4,4.7,7.7
PL42,2013,18.5,9.1,3.7,8.4
PL43,2013,17.5,8.9,4.6,8.3
PL51,2013,27.2,10.7,3.1,9.1
PL52,2013,NA,8.4,NA,7.8
PL61,2013,20.3,11.7,4.4,10.7
PL62,2013,19.7,10.3,4.6,9.8
PL63,2013,19.3,9.8,3.6,8.6
PL71,2013,19.5,9.5,4.4,8.9
PL72,2013,17.1,12,8.4,11.4
PL81,2013,15.3,10.9,6.2,9.9
PL82,2013,22.2,15.8,7.6,14
PL84,2013,14.6,9.9,6,9.1
PL91,2013,17.5,8.3,3.1,5.8
PL92,2013,17.2,9,5.3,8.9
PT11,2013,15.1,17.2,11.4,14.8
PT15,2013,16.4,14.7,NA,14.5
PT16,2013,9.7,13.3,10.2,10.6
PT17,2013,19.8,14.9,8.9,14.9
PT18,2013,15.8,13,11.4,14.3
PT20,2013,18.3,NA,NA,16.3
PT30,2013,16.4,17.2,NA,15
RO11,2013,3,3.4,6.3,3.8
RO12,2013,12.9,9.6,4.7,9.2
RO21,2013,2.1,5.2,6.1,4.2
RO22,2013,11.8,10.4,7.7,10.4
RO31,2013,9,9.3,7.5,9
RO32,2013,16.1,7.1,5.1,7.2
RO41,2013,3.4,8.3,6.5,6.5
RO42,2013,6.6,4.6,NA,4.8
RS11,2013,25,19.8,11.9,17.2
RS12,2013,25.1,20.4,14,19.9
RS21,2013,11.4,20.9,18.3,18
RS22,2013,16.7,24,22.4,22.1
SE11,2013,19.7,6.3,4,7.1
SE12,2013,19.8,7.3,4.3,8.3
SE21,2013,13.8,5.9,3.8,6.7
SE22,2013,23.1,8.9,5.7,10
SE23,2013,17.9,6.6,4.3,7.6
SE31,2013,18.9,7.4,4.7,8.6
SE32,2013,17.1,6.9,3.1,7.4
SE33,2013,18.9,6.5,4.2,7.4
SI03,2013,16,11.5,7.5,11
SI04,2013,13.1,9.1,5.2,8.1
SK01,2013,NA,6.9,4.1,6
SK02,2013,33.8,10.5,5.8,11
SK03,2013,43.5,15.1,7,15.9
SK04,2013,50.4,15.2,8.6,16.6
TR10,2013,12.5,12.1,10.4,11.9
TR21,2013,6.1,9.1,11,7.6
TR22,2013,4.6,7.4,6.9,5.6
TR31,2013,13.2,15.6,13.3,13.8
TR32,2013,6.1,9.6,9.4,7.2
TR33,2013,2.8,6.3,6.3,3.9
TR41,2013,5.3,6.2,8.3,6.2
TR42,2013,9.1,11,10.9,9.9
TR51,2013,12.4,12.4,9.7,11.5
TR52,2013,4.7,7,7.6,5.5
TR61,2013,7.3,10.7,9,8.4
TR62,2013,8.5,14.2,13.6,10.7
TR63,2013,15.5,14,16.5,15.3
TR71,2013,6.9,8.3,9.5,7.6
TR72,2013,8.4,11.1,11.5,9.5
TR81,2013,3.9,11,9.1,6
TR82,2013,6,6.9,8.8,6.5
TR83,2013,4.8,9.8,8.6,6.2
TR90,2013,4.7,8.2,10,6.2
TRA1,2013,6.7,9.1,8.4,7.3
TRA2,2013,3,5.6,4.1,3.3
TRB1,2013,6.3,9.5,8.8,7.5
TRB2,2013,11.9,19.4,18.5,13.4
TRC1,2013,7.7,9.9,7.5,8.1
TRC2,2013,17.2,18.6,18,17.5
TRC3,2013,24.9,20.4,24.7,24
UKC1,2013,14.9,10.5,5.6,9.8
UKC2,2013,15.9,8.5,3.7,8.3
UKD1,2013,NA,6.4,NA,5
UKD3,2013,15,8.2,4.3,7.9
UKD4,2013,11.7,6.8,2.9,6.5
UKD6,2013,6.7,3.8,1.9,3.4
UKD7,2013,11.9,8.5,3.6,7.4
UKE1,2013,12,9.7,NA,8
UKE2,2013,11.1,4.5,2.4,4.5
UKE3,2013,15.9,8.9,4.2,8.8
UKE4,2013,12.3,6.8,3.3,6.7
UKF1,2013,10.9,7.1,2.3,6.1
UKF2,2013,9.7,4.7,3.5,5.3
UKF3,2013,5.7,5.1,NA,4.6
UKG1,2013,7.4,4.1,3.1,4.4
UKG2,2013,9.1,5.8,2.5,5.3
UKG3,2013,18.9,8.9,4.2,9.7
UKH1,2013,9.2,4.6,3.2,5
UKH2,2013,7,4.8,2.8,4.3
UKH3,2013,9.4,5.8,4.2,6.2
UKI3,2013,14.8,7.4,4.6,6.2
UKI4,2013,15.5,13.7,3.6,7.8
UKI5,2013,10.7,8.4,5,7.4
UKI6,2013,9.7,8.2,2.9,5.9
UKI7,2013,10.9,8.1,3.8,6.2
UKJ1,2013,7.4,5.4,2.4,4.2
UKJ2,2013,8.2,5.9,2.3,4.6
UKJ3,2013,8,5,2,4.2
UKJ4,2013,9.3,6,3.6,5.7
UKK1,2013,9.4,5.9,2.2,4.8
UKK2,2013,6.9,5.4,2.2,4.5
UKK3,2013,NA,4.6,NA,3.8
UKK4,2013,8,6.5,NA,5
UKL1,2013,13.8,5.8,4.4,6.9
UKL2,2013,9.5,7.1,3.5,6.1
UKM5,2013,NA,4.5,NA,4
UKM6,2013,NA,6.5,NA,3.9
UKM7,2013,13.8,6.2,3.1,5.8
UKM8,2013,14.5,11.6,2.6,7.8
UKM9,2013,11,4.9,3.2,5.3
UKN0,2013,10.2,8.1,2,6.4
AT11,2014,NA,5,NA,5.2
AT12,2014,10.1,5,3.5,5.2
AT13,2014,20.9,11.1,6.6,10.6
AT21,2014,11.2,6.2,3.9,6.1
AT22,2014,9.4,4.6,3.2,4.7
AT31,2014,7.3,4.1,2.3,4.1
AT32,2014,NA,3.2,NA,3.5
AT33,2014,6.7,2.5,NA,3
AT34,2014,NA,3.2,NA,3.5
BE10,2014,29.1,21.4,9,17.3
BE21,2014,12.3,6.5,3.5,6.1
BE22,2014,11.7,6.4,2.8,6
BE23,2014,8.2,4.1,3.1,4.4
BE24,2014,9.4,5.3,3.7,5.1
BE25,2014,8.9,3.9,2.2,4.2
BE31,2014,14.6,9.8,5.3,7.8
BE32,2014,24.7,13.7,5.1,13.3
BE33,2014,21.7,13.6,6.6,12.8
BE34,2014,18.7,9.8,4.7,9.3
BE35,2014,19.3,12.4,5.7,10.9
BG31,2014,36.5,11.6,NA,12.1
BG32,2014,27.1,8.6,6.1,10.6
BG33,2014,27.8,8,4.3,10.3
BG34,2014,24,8.6,5,10.4
BG41,2014,22,7.6,3,6.7
BG42,2014,21.3,7.6,4.6,9.2
CH01,2014,14.1,6.4,5.5,7.5
CH02,2014,7.9,4,3.3,4.4
CH03,2014,9,4.1,3,4.3
CH04,2014,6.7,4.3,3,4.1
CH05,2014,6.9,4,2.5,3.9
CH06,2014,4.5,3,3.5,3.4
CH07,2014,10.1,7.8,4.2,6.9
CY00,2014,18.3,16.5,12,14.9
CZ01,2014,11.3,3.1,1.8,2.8
CZ02,2014,14.6,3.6,1.5,3.5
CZ03,2014,15.2,3.5,2.1,3.9
CZ04,2014,27.6,5.6,1.9,7.3
CZ05,2014,21.6,4.7,2.7,5.2
CZ06,2014,17.8,4.8,3.3,4.9
CZ07,2014,22.8,5.1,3,5.3
CZ08,2014,37.7,7.2,2.6,8.1
DE11,2014,8,3.1,1.6,3.3
DE12,2014,7.3,3.1,1.7,3.3
DE13,2014,5.8,2,1.6,2.5
DE14,2014,7.4,2.5,NA,3
DE21,2014,5.2,2.7,1.8,2.7
DE22,2014,6.4,2.2,NA,2.5
DE23,2014,NA,2.4,NA,2.7
DE24,2014,8.4,3.7,NA,3.8
DE25,2014,6.4,2.8,2,3
DE26,2014,5.8,2.6,NA,3
DE27,2014,5.8,2.8,NA,3
DE30,2014,26.2,8.6,4.6,9.4
DE40,2014,14.3,6.3,2.3,5.7
DE50,2014,12.9,4.2,NA,5.6
DE60,2014,10.6,4.1,2.2,4.3
DE71,2014,9.7,3.6,2.5,4.1
DE72,2014,9.7,3.2,NA,3.8
DE73,2014,7.7,3.3,NA,3.6
DE80,2014,18.1,8.7,2.6,7.8
DE91,2014,12.9,4.3,2.5,4.9
DE92,2014,9.8,4.4,2.8,4.7
DE93,2014,8.8,3,NA,3.5
DE94,2014,9.2,3.3,2.3,3.9
DEA1,2014,14.1,5,2.8,5.9
DEA2,2014,12.5,3.9,2.2,4.8
DEA3,2014,12.5,3.4,1.6,4.4
DEA4,2014,12.2,3.5,2.3,4.7
DEA5,2014,12.4,4.8,3,5.7
DEB1,2014,8.2,2.8,NA,3.4
DEB2,2014,NA,NA,NA,2.9
DEB3,2014,12,3.2,NA,4.1
DEC0,2014,14.9,4.4,NA,5.6
DED2,2014,22.2,6.7,2.8,6.2
DED4,2014,17.1,5.8,NA,5.4
DED5,2014,23.6,8.1,3.8,7.7
DEE0,2014,23.7,8.2,2.4,8
DEF0,2014,12.2,3.3,1.9,4.2
DEG0,2014,15.6,6.3,2.7,5.8
DK01,2014,12.3,5.7,5.2,6.8
DK02,2014,10.6,5.3,3.1,6
DK03,2014,10.2,5.2,4.1,6.2
DK04,2014,9.1,4.7,4.6,5.7
DK05,2014,8.9,6.2,4.6,6.4
EE00,2014,12.3,6.9,4,6.4
EL30,2014,32.5,28.2,19.1,25.2
EL41,2014,19.3,16.5,18.4,18
EL42,2014,14.6,18.5,7.1,14.9
EL43,2014,26.1,25.7,19.4,24.2
EL51,2014,22.5,27.7,18.7,23.4
EL52,2014,29.1,28.4,20.1,26
EL53,2014,28,36.1,25.3,30.7
EL54,2014,21.5,30.4,19.5,24.5
EL61,2014,28.3,27.9,23.9,26.9
EL62,2014,14.4,23.7,15.8,19
EL63,2014,28.3,32.3,22.4,28.5
EL64,2014,23.8,26.8,27,25.8
EL65,2014,21.3,23.9,20.8,22.3
ES11,2014,24.5,18.9,14.2,19.3
ES12,2014,26.7,16.9,15.3,19.1
ES13,2014,25,16.6,12.6,17.6
ES21,2014,23.8,16.7,9.4,14.8
ES22,2014,19.4,17.4,8.4,13.8
ES23,2014,21.3,16.6,9.6,15.4
ES24,2014,21.7,18.3,9.8,16.3
ES30,2014,27.6,18.4,10.7,17.1
ES41,2014,24.4,17.6,12.3,18.3
ES42,2014,33.9,23.9,16.5,26.3
ES43,2014,36.8,26.7,17.1,29.1
ES51,2014,26.9,19.3,10.4,18.6
ES52,2014,30.1,22.7,14.1,22.8
ES53,2014,23,17,9.2,17.3
ES61,2014,40.4,28.8,19.6,31.5
ES62,2014,31.7,25.2,13.3,24.6
ES63,2014,41.1,20.5,13.6,27.6
ES64,2014,46.5,35.7,15.5,34
ES70,2014,36.3,27,19.5,29.1
FI19,2014,19.1,10.2,6.4,9.8
FI1B,2014,15.9,8.8,5.4,8
FI1C,2014,18.4,10.4,6.6,10
FI1D,2014,18.2,11.9,5.9,10.4
FI20,2014,NA,NA,NA,NA
FR10,2014,15.7,10.2,6.7,9.6
FRB0,2014,15.7,11.8,5.7,10.7
FRC1,2014,13.7,8.9,5.4,8.8
FRC2,2014,13.1,10.3,4.6,9.3
FRD1,2014,10.4,8.8,5.6,8.2
FRD2,2014,17.1,11.1,5.5,10.6
FRE1,2014,21.2,15.2,7.6,13.8
FRE2,2014,15.9,11,6.1,10.8
FRF1,2014,18.9,9.4,4.5,9.1
FRF2,2014,18.9,13.6,6.7,13
FRF3,2014,22.5,12.1,7.4,12.2
FRG0,2014,17.1,9,5.9,9.1
FRH0,2014,11.8,8.2,5.7,7.8
FRI1,2014,16.6,9.7,7,9.7
FRI2,2014,13.4,8.8,6.8,8.9
FRI3,2014,18.1,9.7,5.1,9.8
FRJ1,2014,19.4,14.6,7.1,13
FRJ2,2014,16,9.2,5.6,8.6
FRK1,2014,15.9,7.9,5.9,8.6
FRK2,2014,17.5,9.4,5.5,9.1
FRL0,2014,18.1,11.3,7,11
FRM0,2014,29.6,5.1,7.6,11.9
FRY1,2014,29.5,26.1,12,23.6
FRY2,2014,23.7,20.1,8.7,17.9
FRY3,2014,34.5,19.5,NA,21.9
FRY4,2014,33.8,25.1,7.9,23.5
FRY5,2014,31.4,24.3,NA,25.3
HR03,2014,22.7,18.7,10.9,16.8
HR04,2014,21,17.7,8.3,15.9
HU11,2014,18.8,5.5,2.7,5.1
HU12,2014,9.8,6.8,NA,5.7
HU21,2014,11,3.9,NA,4.4
HU22,2014,12.9,3.1,NA,3.8
HU23,2014,19.6,6.9,NA,8.1
HU31,2014,19.2,7.8,2.8,8.7
HU32,2014,21.8,9.7,3.4,10.9
HU33,2014,19.7,7,2.6,7.9
IE04,2014,13,11.2,7.3,10
IE05,2014,17.5,12.6,5.9,10.6
IE06,2014,18.2,12.8,5,9.4
IS00,2014,6.1,3.4,2.7,4
ITC1,2014,13.6,9.6,5.4,10.2
ITC2,2014,12,7.8,NA,8.9
ITC3,2014,13.6,8.4,4.4,9.2
ITC4,2014,10.1,8,4.4,7.9
ITF1,2014,12,13.4,11.6,12.6
ITF2,2014,16.1,14.2,11.8,14.3
ITF3,2014,25.3,19.1,10.2,19.8
ITF4,2014,22.8,19,13.1,19.7
ITF5,2014,13.5,14.4,12,13.7
ITF6,2014,26.4,23.3,15.7,22.9
ITG1,2014,27.1,19.8,12,21.4
ITG2,2014,21.1,16.2,10.6,17.4
ITH1,2014,4.6,3.7,NA,3.8
ITH2,2014,9.8,6.1,5,6.8
ITH3,2014,8.4,6.8,5.7,7.1
ITH4,2014,10.4,7.6,5.4,8
ITH5,2014,9.9,7.5,5.2,7.7
ITI1,2014,10.9,9.5,5.7,9.2
ITI2,2014,14.3,10.3,5.8,10.4
ITI3,2014,12.5,9.1,7.9,9.9
ITI4,2014,15.6,12.5,6.8,11.8
LT01,2014,25.6,11.8,2.9,7.6
LT02,2014,26.2,11.6,4.1,9.8
LU00,2014,10.6,6.2,4.7,6.7
LV00,2014,21.9,10.8,4.9,9.9
ME00,2014,28.1,19.2,10.3,17.5
MK00,2014,29.7,26.6,21.1,26.1
MT00,2014,8.8,3.8,2,5.4
NL11,2014,14.3,9.9,4.4,9.1
NL12,2014,13.2,7.1,4.6,7.9
NL13,2014,12.4,7.1,3.8,7.5
NL21,2014,10.9,6.7,3.9,6.9
NL22,2014,9.7,6.3,3.8,6.3
NL23,2014,12.9,8,3.2,7.9
NL31,2014,10.7,6.7,4.2,6.4
NL32,2014,10.1,7,3.5,6.2
NL33,2014,13,8.1,4,7.8
NL34,2014,6.8,5.2,3.6,5.3
NL41,2014,10.9,6.1,3.6,6.5
NL42,2014,9.1,6,4.5,6.3
NO01,2014,10.5,5.2,2.8,4.7
NO02,2014,9.5,3.7,2.8,4.5
NO03,2014,11,3.8,1.9,4.5
NO04,2014,8.3,4.3,3.2,4.6
NO05,2014,8.7,3.1,2.7,3.9
NO06,2014,6.6,3.7,2.7,3.7
NO07,2014,8.3,2.4,1.8,3.4
PL21,2014,10,8.7,3.8,7.1
PL22,2014,24.1,8.1,3.1,7.2
PL41,2014,14.9,5.8,4.1,5.8
PL42,2014,17.3,7.6,3.9,7.5
PL43,2014,16.6,6.8,NA,6.4
PL51,2014,24,7.5,2.7,7
PL52,2014,NA,6.9,NA,6.5
PL61,2014,15.9,8.7,3.4,7.9
PL62,2014,18.1,10.2,4.5,9.5
PL63,2014,17.4,7.2,3.1,6.6
PL71,2014,19.7,8.2,3.8,7.7
PL72,2014,16.6,10.7,6.5,10.1
PL81,2014,15.2,10,6.6,9.3
PL82,2014,17.3,13.4,6.2,11.6
PL84,2014,11.5,7.7,4.2,7
PL91,2014,14,6.5,3.2,4.9
PL92,2014,13.4,8.9,4.7,8.3
PT11,2014,13.6,15.6,11.6,13.7
PT15,2014,14.1,12.4,NA,12.5
PT16,2014,8.3,11.9,8.7,9.2
PT17,2014,17.4,13.9,7.4,13.1
PT18,2014,13.6,13.3,12.5,13.3
PT20,2014,15.3,NA,NA,12.8
PT30,2014,15.5,NA,NA,14.7
RO11,2014,6.8,4.4,3.3,4.6
RO12,2014,16.3,6.5,3.5,7.4
RO21,2014,2.4,4.7,NA,3.6
RO22,2014,11.1,9,5.5,9
RO31,2014,12.2,10.4,6.8,10.3
RO32,2014,11.4,6,2.7,5.3
RO41,2014,6.6,12.6,7.6,10.1
RO42,2014,9.2,5.1,NA,5.4
RS11,2014,28.2,20.5,14.8,18.7
RS12,2014,20.4,16.9,12.8,16.6
RS21,2014,10.5,19.9,15.4,16.8
RS22,2014,12.5,20.7,19.6,18.8
SE11,2014,19.6,6.1,4.2,7
SE12,2014,19.8,6.6,4.4,7.9
SE21,2014,14.8,4.3,3.5,6
SE22,2014,23.5,8,5.9,9.5
SE23,2014,16.3,5.5,3.6,6.6
SE31,2014,19,6.5,3.9,7.9
SE32,2014,19.6,5.9,2.6,7.1
SE33,2014,17.6,6.2,4.7,7.2
SI03,2014,14.5,11,7,10.3
SI04,2014,12.4,8.5,4.7,7.5
SK01,2014,NA,6.2,4,5.7
SK02,2014,30.8,9.2,6.3,9.7
SK03,2014,34.8,12.8,5.8,12.8
SK04,2014,48.6,13.3,7.5,15
TR10,2014,13.4,13.2,11.5,12.8
TR21,2014,6.2,8,9.7,7.3
TR22,2014,4.2,5.7,8.1,5.3
TR31,2014,15.7,16,12,14.9
TR32,2014,5.6,9.2,9,6.8
TR33,2014,3,5.8,6.4,4.1
TR41,2014,6.9,8.7,8.3,7.7
TR42,2014,9.7,9.4,12.1,10.1
TR51,2014,12.3,11.3,9.6,11.1
TR52,2014,5.2,9.7,8.2,6.5
TR61,2014,8.5,12.1,9.5,9.4
TR62,2014,8,13,12.3,9.8
TR63,2014,16,15.8,17.7,16.3
TR71,2014,8.9,12.2,10.9,9.9
TR72,2014,7.7,12.5,13.2,9.7
TR81,2014,5.4,8.4,11.6,6.9
TR82,2014,5.4,10.1,9.3,6.8
TR83,2014,5.1,7.8,11.1,6.6
TR90,2014,3.3,6,8.6,4.8
TRA1,2014,5.6,7.1,7,6
TRA2,2014,3.4,5.7,5.2,3.9
TRB1,2014,7.2,9,8.7,7.9
TRB2,2014,9.3,12.5,9.3,9.7
TRC1,2014,10.3,9.2,8.2,9.7
TRC2,2014,17.5,18.6,15.6,17.4
TRC3,2014,24.5,22,26.7,24.4
UKC1,2014,15.7,9.6,2.7,8.5
UKC2,2014,12.4,8.6,4.2,7.7
UKD1,2014,NA,5.7,NA,4.2
UKD3,2014,12.3,7,3.6,6.5
UKD4,2014,9,5.1,NA,4.5
UKD6,2014,NA,4.8,2.1,3.5
UKD7,2014,9.5,6.8,2.3,5.8
UKE1,2014,11.3,7.5,NA,6.4
UKE2,2014,7.5,2.8,NA,3.1
UKE3,2014,13.2,7.7,3.6,7.4
UKE4,2014,14.3,6.6,2.4,6.6
UKF1,2014,8.1,5,2.7,4.8
UKF2,2014,7.6,4.7,2.5,4.4
UKF3,2014,5.5,4.5,NA,4.5
UKG1,2014,5.4,2.7,2.6,3.2
UKG2,2014,7.7,5.4,2.1,4.6
UKG3,2014,15.3,7.4,4.4,7.9
UKH1,2014,7.8,4.6,1.9,4.3
UKH2,2014,8.5,3.9,1.9,3.8
UKH3,2014,6.9,4,3.1,4.3
UKI3,2014,24.4,7.4,3.1,5.4
UKI4,2014,14.9,11.9,3.7,7.2
UKI5,2014,8.9,8.3,6.3,7.5
UKI6,2014,5.3,6.4,3.2,4.6
UKI7,2014,9.4,8.4,2.9,5.5
UKJ1,2014,5,4,2.7,3.5
UKJ2,2014,5.6,4.8,2.2,3.7
UKJ3,2014,6,4.5,2.6,4.1
UKJ4,2014,5.8,6.2,3.8,5.3
UKK1,2014,8,4.1,2.1,3.9
UKK2,2014,4.7,4.1,3.3,3.9
UKK3,2014,NA,5.5,NA,4.5
UKK4,2014,8.4,4.1,NA,3.7
UKL1,2014,10.6,7.2,3.5,6.5
UKL2,2014,10.4,5.3,2.2,4.8
UKM5,2014,NA,NA,NA,3.2
UKM6,2014,NA,NA,NA,2.8
UKM7,2014,13.9,6.7,3,6
UKM8,2014,11.5,8.5,4.7,7.1
UKM9,2014,10.2,7.2,2.7,6
UKN0,2014,10.6,6.8,2.5,6.1
AT11,2015,NA,5.3,NA,5.7
AT12,2015,11.5,5.3,2.4,5.2
AT13,2015,22.9,12.9,5.9,11.3
AT21,2015,NA,5.4,3.8,5.4
AT22,2015,12,4.6,3,5.1
AT31,2015,9.2,4.1,2.6,4.4
AT32,2015,NA,2.9,NA,3.4
AT33,2015,8.2,2.5,2.8,3.5
AT34,2015,NA,2.9,NA,3.4
BE10,2015,30.6,20,8.4,16.8
BE21,2015,13.1,5.9,3.3,6.1
BE22,2015,9.1,5.1,2.6,4.8
BE23,2015,7.5,4.6,2.7,4.2
BE24,2015,10.3,5.2,3.2,4.8
BE25,2015,6.7,3.8,2.3,3.7
BE31,2015,14.4,8.2,6.2,7.9
BE32,2015,22.9,12.2,4.8,11.8
BE33,2015,19.5,11.6,5.6,11.1
BE34,2015,14.4,7.8,4.5,7.8
BE35,2015,17.3,12.1,4.1,9.7
BG31,2015,32.3,9.7,NA,10.6
BG32,2015,25.8,7.6,4.6,9.3
BG33,2015,27.2,7,4.5,9.7
BG34,2015,20.4,6.2,3.3,7.9
BG41,2015,16.2,6.3,2.7,5.4
BG42,2015,18.4,5.5,3.5,7.1
CH01,2015,12,7.1,5.8,7.6
CH02,2015,9.2,4.5,2.7,4.6
CH03,2015,11.6,5,2.7,4.9
CH04,2015,7.4,4.4,2.6,3.9
CH05,2015,8.2,3.5,2.9,4
CH06,2015,4.8,3.8,2.4,3.4
CH07,2015,10.5,6.7,5.4,6.9
CY00,2015,15.4,14.3,10.9,13
CZ01,2015,9.3,2.3,1.7,2.2
CZ02,2015,15.8,3.1,1,3.1
CZ03,2015,15.9,2.6,1.5,3.1
CZ04,2015,24.7,3.5,1.4,5.2
CZ05,2015,19.3,3.5,1.8,4
CZ06,2015,14.6,3.6,2.5,3.7
CZ07,2015,15.8,3.7,1.7,3.9
CZ08,2015,34.1,5.5,3.1,6.9
DE11,2015,7.6,2.9,1.7,3.3
DE12,2015,7.3,2.5,2.2,3.1
DE13,2015,6.5,2.6,1.9,3
DE14,2015,5.8,2.3,1.7,2.6
DE21,2015,5.5,2.3,1.6,2.4
DE22,2015,5.7,1.5,NA,2.1
DE23,2015,6.1,2.4,NA,2.8
DE24,2015,7.7,2.8,NA,3.3
DE25,2015,4.8,2.3,NA,2.5
DE26,2015,6.1,2.2,NA,2.5
DE27,2015,6.2,2.4,NA,2.7
DE30,2015,22.8,7.1,3.9,7.8
DE40,2015,13.2,4.7,2.1,4.6
DE50,2015,9.1,5.1,NA,5.3
DE60,2015,10.9,3.6,2.5,4.1
DE71,2015,9.7,3.4,2.1,4
DE72,2015,8.9,3.4,NA,4
DE73,2015,9.1,3.1,NA,3.7
DE80,2015,13.7,6.7,3.3,6.3
DE91,2015,13,3.4,3,4.6
DE92,2015,12.3,3.7,2.2,4.7
DE93,2015,9.4,2.6,NA,3.3
DE94,2015,7.7,3.3,NA,3.6
DEA1,2015,11.8,4.3,2.1,4.9
DEA2,2015,9.2,3.4,2.2,3.9
DEA3,2015,12.3,3.3,2.1,4.3
DEA4,2015,10.1,3.2,NA,4.1
DEA5,2015,11.6,4.2,2.1,5
DEB1,2015,7.4,2.8,NA,3.4
DEB2,2015,NA,NA,NA,2.7
DEB3,2015,10.5,3.2,1.9,4.1
DEC0,2015,11.1,4.2,NA,4.8
DED2,2015,15.6,5.1,2.4,4.9
DED4,2015,14.3,4.5,NA,4.4
DED5,2015,21.5,6.3,NA,6
DEE0,2015,20.3,7.5,2.8,7.4
DEF0,2015,10.4,3.3,2.4,4
DEG0,2015,18.1,4.9,2.8,5.1
DK01,2015,11.2,5.5,4.7,6.2
DK02,2015,9.1,5.6,4,6.2
DK03,2015,9,5.3,4.7,6.1
DK04,2015,7.4,4.4,4.6,5.4
DK05,2015,8.7,4.9,5.2,6
EE00,2015,12.9,7.8,3.9,6.9
EL30,2015,32.4,26.6,16,23
EL41,2015,20.8,17.4,17.2,18.3
EL42,2015,19.3,18.9,10.2,17.4
EL43,2015,23.3,24.1,19.4,22.6
EL51,2015,22,26.4,18.7,22.8
EL52,2015,27.9,26.8,19,24.5
EL53,2015,30.9,35,25.3,31.3
EL54,2015,24.6,26.6,21.2,24.3
EL61,2015,28.5,26.1,21.4,25.5
EL62,2015,16.8,17.2,12.2,16
EL63,2015,28.8,34.6,23.4,29.8
EL64,2015,23.1,26.1,25.5,25
EL65,2015,17.1,21.6,17.3,19.2
ES11,2015,22.5,16.7,12.1,17.2
ES12,2015,24.3,16.5,13.9,17.6
ES13,2015,19.4,15.3,11.4,14.9
ES21,2015,20.2,14.1,8.3,12.6
ES22,2015,19.6,15.8,6.6,12.5
ES23,2015,19.5,12,9.1,13.5
ES24,2015,20,16.1,9.2,14.7
ES30,2015,25.2,17.2,9.8,15.7
ES41,2015,22,14.6,10.3,15.8
ES42,2015,30.5,20.8,14.5,23.5
ES43,2015,34.1,24.7,17.2,27.5
ES51,2015,23.3,16.5,8.7,15.7
ES52,2015,27,21.3,12.9,20.6
ES53,2015,20,12.3,7.1,13.9
ES61,2015,37.5,26.2,17.7,28.9
ES62,2015,26.2,18.8,10.8,19.8
ES63,2015,37.7,15.5,12.4,24.9
ES64,2015,41.6,24.6,20.2,30.8
ES70,2015,33.2,25.7,16.8,26.1
FI19,2015,17.2,9.5,7,9.4
FI1B,2015,16,8,4.8,7.4
FI1C,2015,17.1,9.6,5.9,9.1
FI1D,2015,17.3,11.3,6.3,10.2
FI20,2015,NA,NA,NA,NA
FR10,2015,16.2,11,5.6,9.2
FRB0,2015,14.5,11.5,4.8,9.9
FRC1,2015,14.9,9.8,6.1,9.6
FRC2,2015,15.4,8.3,4.4,8.1
FRD1,2015,11.9,9,5.6,8.6
FRD2,2015,20.1,12.3,4.7,11.5
FRE1,2015,23.7,14,6.9,13.3
FRE2,2015,17.2,11.7,6.3,11.5
FRF1,2015,19.1,11.4,6.8,10.9
FRF2,2015,18.3,10.3,7.1,11.3
FRF3,2015,23.2,11.9,5.7,11.7
FRG0,2015,19,8.4,5.2,8.9
FRH0,2015,15.3,9.2,5.6,8.6
FRI1,2015,17.6,9.9,7,10
FRI2,2015,14,6.7,4.7,7.1
FRI3,2015,17.9,8.6,4.5,9
FRJ1,2015,16.9,13.5,6.9,11.9
FRJ2,2015,16.7,9,5.4,8.5
FRK1,2015,14.9,6.9,4.3,7.2
FRK2,2015,15.7,8.4,5.1,8.1
FRL0,2015,17.2,11.9,5.8,10.5
FRM0,2015,18.3,8.2,3.7,8.3
FRY1,2015,32,26.1,9.6,23.8
FRY2,2015,27,19.5,NA,17.8
FRY3,2015,35.3,18.8,NA,23
FRY4,2015,32.2,22.8,8.1,22.3
FRY5,2015,38.4,23.4,NA,29.7
HR03,2015,17.2,15.5,9.8,14.2
HR04,2015,17.3,14.1,6.9,12.6
HU11,2015,14.9,4.9,1.9,4.3
HU12,2015,7.4,3.4,NA,3.1
HU21,2015,6.2,2.9,NA,3
HU22,2015,7.7,2.3,NA,2.7
HU23,2015,15.9,5.2,NA,6.2
HU31,2015,15.8,5,2.8,6.3
HU32,2015,17.8,8.4,3.1,9.3
HU33,2015,13,5.3,NA,5.6
IE04,2015,10.7,9.5,6.2,8.5
IE05,2015,13.9,9.3,5.8,8.6
IE06,2015,16.3,10.9,4.3,8.2
IS00,2015,4.5,3.1,1.7,3
ITC1,2015,12.3,9,4.8,9.3
ITC2,2015,11.8,7.6,NA,8.7
ITC3,2015,14.7,8.1,5.8,9.7
ITC4,2015,9.8,7.4,3.9,7.4
ITF1,2015,13.3,11.5,11.6,12.1
ITF2,2015,14.2,12.8,10.5,12.8
ITF3,2015,25.7,20.2,10.1,20.4
ITF4,2015,23.6,18.4,11.4,19.4
ITF5,2015,13.6,14.1,10.6,13.3
ITF6,2015,27.1,22.8,16.3,23.2
ITG1,2015,28.9,19.9,11.7,22.1
ITG2,2015,19.4,18.5,9.5,17.3
ITH1,2015,4.8,3.1,3.6,3.7
ITH2,2015,10.3,5.9,5.1,6.8
ITH3,2015,8.3,6.1,6,6.8
ITH4,2015,9.8,7.3,4.7,7.5
ITH5,2015,9.5,6.3,4.9,6.9
ITI1,2015,11.8,9.5,6,9.5
ITI2,2015,13.2,9.3,5.8,9.6
ITI3,2015,12.8,10.6,7.2,10.6
ITI4,2015,15,11.9,5.8,11.1
LT01,2015,25.6,8.2,2.4,5.6
LT02,2015,24.3,11.1,3.2,8.8
LU00,2015,9.9,6.7,4,6.3
LV00,2015,20.6,11.3,4.3,9.6
ME00,2015,24.2,19.5,11.9,17.7
MK00,2015,29.1,23.7,19.4,23.7
MT00,2015,7.4,3.9,1.7,4.7
NL11,2015,14,8.8,4.2,8.2
NL12,2015,10.6,6.4,3.5,6.7
NL13,2015,11.3,5.2,3.8,6.5
NL21,2015,9.6,6.3,3.5,6.2
NL22,2015,8,5.7,3.8,5.6
NL23,2015,14.1,7.1,3.6,7.9
NL31,2015,7.4,5.7,3.3,5
NL32,2015,9,5.7,3.6,5.5
NL33,2015,12.2,7.1,3.8,7.1
NL34,2015,6.4,2.8,NA,3.9
NL41,2015,8.8,5.3,2.8,5.3
NL42,2015,8.9,5.5,3.3,5.7
NO01,2015,10.8,4.6,2.9,4.6
NO02,2015,9.5,3.7,2.6,4.5
NO03,2015,9.9,4.7,3.2,5.1
NO04,2015,11.2,4.5,3.9,5.5
NO05,2015,9.4,4.4,3.3,4.8
NO06,2015,8.7,3,3.1,4
NO07,2015,8.1,2.3,1.5,3.2
PL21,2015,6.9,6.3,3.1,5.2
PL22,2015,17.7,6,2.8,5.4
PL41,2015,12.7,5.2,2.4,4.8
PL42,2015,16.9,7.6,2.9,6.9
PL43,2015,NA,4.6,NA,4.7
PL51,2015,18.8,5.9,2.4,5.5
PL52,2015,NA,5,NA,5
PL61,2015,18.5,7.8,3.6,7.4
PL62,2015,19.4,9.4,3.1,8.8
PL63,2015,10,6.8,3.1,5.7
PL71,2015,13.5,6.3,2.5,5.5
PL72,2015,13.8,10.1,5.1,8.9
PL81,2015,13.9,8.6,5.5,8
PL82,2015,19.5,10.6,5.6,9.6
PL84,2015,NA,7.5,4.3,6.7
PL91,2015,NA,4.7,2.5,3.6
PL92,2015,13,8.3,4.8,7.8
PT11,2015,12.5,13,9.9,12
PT15,2015,9.7,10.4,NA,9.2
PT16,2015,7.7,11.5,6.7,8.4
PT17,2015,15.3,11.8,8.1,11.9
PT18,2015,11.8,13.2,11.3,12.1
PT20,2015,12.8,NA,NA,11.1
PT30,2015,14.1,NA,NA,12.9
RO11,2015,8.5,3.5,NA,4.3
RO12,2015,11.6,4.6,NA,5.2
RO21,2015,2.5,3.6,NA,3
RO22,2015,9.4,7.9,4.1,7.7
RO31,2015,11.1,9.3,4.4,8.9
RO32,2015,11.8,5.3,2.3,4.7
RO41,2015,7.1,11.9,6.6,9.9
RO42,2015,11.2,4.2,NA,4.9
RS11,2015,25.2,16.7,12.3,15.7
RS12,2015,17.7,15.7,11.7,15.1
RS21,2015,7.8,17,16.6,14.7
RS22,2015,9.9,17.5,17,15.8
SE11,2015,18.4,5.6,3.8,6.5
SE12,2015,21.4,6.1,4,7.7
SE21,2015,16.3,4.9,3.1,6.2
SE22,2015,20.3,7.2,5.4,8.4
SE23,2015,17.3,4.9,4,6.5
SE31,2015,20.2,5.6,4.2,7.5
SE32,2015,19.7,5.9,1.9,6.8
SE33,2015,16.1,4.8,3.8,5.8
SI03,2015,16.1,8.2,7.6,8.9
SI04,2015,12,7.8,4.8,7.1
SK01,2015,NA,5,4.5,5.1
SK02,2015,21.8,7.6,5.2,7.7
SK03,2015,30.4,10.1,6.5,10.8
SK04,2015,42.5,12,6.5,13.2
TR10,2015,13.1,14.5,13.2,13.5
TR21,2015,6.5,9,8.6,7.5
TR22,2015,4.9,8.5,9.7,6.7
TR31,2015,13.1,15.7,14,13.9
TR32,2015,5.4,9.1,8.5,6.7
TR33,2015,3.5,6.9,7.5,4.9
TR41,2015,8.3,10.3,8.9,9
TR42,2015,10.9,9.1,11.5,10.6
TR51,2015,11.7,12,10.5,11.3
TR52,2015,5.1,8,8.1,6.1
TR61,2015,10.2,13.6,12.1,11.4
TR62,2015,8.4,12.8,13.9,10.3
TR63,2015,13.9,16.2,14.5,14.4
TR71,2015,11.8,17.3,14.8,13.4
TR72,2015,6.7,12.2,9.3,8.3
TR81,2015,6.8,10.3,13.5,8.7
TR82,2015,4.4,9.8,7.5,5.7
TR83,2015,6,9.9,13.5,7.9
TR90,2015,3.1,6.7,6.5,4.5
TRA1,2015,4.4,5.3,6.3,4.9
TRA2,2015,4.3,5.4,7.8,4.8
TRB1,2015,6.7,11.4,11.3,8.8
TRB2,2015,8.5,12.9,9.4,9.1
TRC1,2015,13.4,14.4,14.9,13.9
TRC2,2015,16.9,20.4,15.7,17.2
TRC3,2015,28.3,29.7,25.3,28.1
UKC1,2015,12.8,6.1,4.8,6.9
UKC2,2015,11.8,7.7,3.9,7.1
UKD1,2015,NA,3.8,NA,3.7
UKD3,2015,9.5,6.6,4.1,6.1
UKD4,2015,7.8,5.1,1.9,4.4
UKD6,2015,NA,2.8,2.8,3.2
UKD7,2015,9,5,2.8,4.9
UKE1,2015,9.9,5.1,3.2,5.5
UKE2,2015,NA,3.1,NA,2.9
UKE3,2015,11.7,8.5,3,7.1
UKE4,2015,9.7,6.3,2.6,5.8
UKF1,2015,7.8,4.9,2.5,4.5
UKF2,2015,8.8,4.4,2.6,4.5
UKF3,2015,7,4.5,NA,4.3
UKG1,2015,5.1,4.3,2.4,3.7
UKG2,2015,6.9,4.5,2,4.2
UKG3,2015,12.1,8,3.9,7.5
UKH1,2015,6.6,3.8,2.3,3.8
UKH2,2015,6.5,4.2,3,4.1
UKH3,2015,6.4,4.1,1.9,3.8
UKI3,2015,17.2,8.3,3,4.7
UKI4,2015,14.8,11.7,3.9,7.2
UKI5,2015,7.4,6.9,3.8,5.5
UKI6,2015,NA,6.4,2.9,4.2
UKI7,2015,5.1,6.7,4,5
UKJ1,2015,3.8,2.8,2.2,2.7
UKJ2,2015,6.1,3.5,2.8,3.5
UKJ3,2015,7.3,3.8,2.2,3.7
UKJ4,2015,8,4.8,2.3,4.5
UKK1,2015,7.2,3.9,2.1,3.6
UKK2,2015,5.4,5.4,2.6,4.3
UKK3,2015,NA,4.2,NA,3.7
UKK4,2015,5.6,3.8,2,3.5
UKL1,2015,9.3,4.8,2.7,4.9
UKL2,2015,7.1,4.7,NA,3.6
UKM5,2015,14.3,NA,3.5,5.1
UKM6,2015,NA,NA,NA,3.5
UKM7,2015,10.1,4.9,3.2,4.8
UKM8,2015,7.8,7,3.1,5.3
UKM9,2015,10.5,5.6,4.9,6.2
UKN0,2015,8.1,7,2.8,5.7
AT11,2016,NA,5,NA,5.2
AT12,2016,12.2,4.3,2.6,4.8
AT13,2016,23.2,11.6,5.2,10.4
AT21,2016,12.9,4.5,NA,4.8
AT22,2016,9.9,4.2,2.8,4.5
AT31,2016,11.1,3.3,1.4,4
AT32,2016,NA,2.7,NA,3.1
AT33,2016,6.6,2.6,2.9,3.3
AT34,2016,NA,3.2,NA,3.7
BE10,2016,27.2,18,8.2,14.8
BE21,2016,10.5,5.3,4.6,5.9
BE22,2016,6.8,4.4,2.7,4.1
BE23,2016,7.7,3.3,2.2,3.4
BE24,2016,9.7,3.6,4.4,4.7
BE25,2016,6.6,3,1.9,3.2
BE31,2016,14.3,7.9,6.1,7.5
BE32,2016,21,13,4.4,11.4
BE33,2016,21,10.2,5.2,10.5
BE34,2016,14,7.9,NA,6.7
BE35,2016,13.7,9.8,3.3,7.4
BG31,2016,31.2,10.3,4.2,11.3
BG32,2016,19.8,5.6,NA,6.9
BG33,2016,24.6,6.7,4.9,9.4
BG34,2016,18.8,5.3,3.3,7
BG41,2016,9.6,3.5,2.2,3.3
BG42,2016,12,4.3,3.3,5.2
CH01,2016,11.5,7.9,6.1,7.8
CH02,2016,8.2,3.8,3.2,4.2
CH03,2016,9.4,3.8,3.3,4.4
CH04,2016,7.2,4.5,3.7,4.4
CH05,2016,6.1,3.9,2.6,3.7
CH06,2016,3,3.2,2.4,2.9
CH07,2016,8.8,6.1,4.8,6
CY00,2016,13.9,11.4,9.7,11.1
CZ01,2016,7.6,1.7,1.4,1.7
CZ02,2016,12.3,2.1,0.5,2.1
CZ03,2016,8.1,2,1,2.1
CZ04,2016,15.4,2.4,1,3.4
CZ05,2016,11.5,2.6,1.6,2.8
CZ06,2016,11.1,3.2,1.9,3.1
CZ07,2016,12.2,3.2,2,3.3
CZ08,2016,21.6,4.3,2.2,4.7
DE11,2016,6.5,2.5,2,3
DE12,2016,7.2,2.7,2.1,3.3
DE13,2016,6.5,2.2,2.1,2.9
DE14,2016,5.1,1.9,NA,2.2
DE21,2016,5.4,1.9,1.6,2.2
DE22,2016,NA,1.9,NA,2.1
DE23,2016,NA,1.9,NA,2.2
DE24,2016,8.8,2.2,NA,3
DE25,2016,4.4,1.9,NA,2.1
DE26,2016,NA,1.8,NA,2.3
DE27,2016,6,2.3,NA,2.6
DE30,2016,20.8,6.3,3.6,7
DE40,2016,13.8,4.4,1.9,4.5
DE50,2016,NA,4.4,NA,4.3
DE60,2016,11.8,3.4,2.4,4.2
DE71,2016,10,2.9,1.4,3.5
DE72,2016,8.8,3.3,NA,3.6
DE73,2016,6.1,2.4,NA,2.5
DE80,2016,15.4,5.1,NA,5.1
DE91,2016,12.9,3.4,2.4,4.4
DE92,2016,11.4,3.8,2.1,4.5
DE93,2016,9.5,2.6,NA,3.4
DE94,2016,6.9,2.5,NA,3
DEA1,2016,10.9,3.6,1.9,4.3
DEA2,2016,8.6,3.3,2.1,3.7
DEA3,2016,9.7,3.2,1.9,3.9
DEA4,2016,9.4,3.2,NA,3.9
DEA5,2016,12,3.5,2.5,4.6
DEB1,2016,7.7,2.5,NA,3.1
DEB2,2016,NA,NA,NA,2
DEB3,2016,8.3,3.3,2.1,3.8
DEC0,2016,11.7,3.3,NA,4.5
DED2,2016,16.6,4.3,2.1,4.3
DED4,2016,14.9,4,NA,4.1
DED5,2016,NA,5.8,NA,5.1
DEE0,2016,20.3,6.8,2.4,6.9
DEF0,2016,9,3,2.2,3.6
DEG0,2016,16,4.5,2,4.4
DK01,2016,10.6,5.7,4.6,6.2
DK02,2016,9.3,4.4,4,5.6
DK03,2016,10.6,4.2,5.1,6.1
DK04,2016,8,4.2,4.8,5.4
DK05,2016,9.3,4.3,3.9,5.6
EE00,2016,10.8,6.6,3.2,5.8
EL30,2016,32,24.3,15.4,21.6
EL41,2016,26.2,21.6,19.7,22.5
EL42,2016,18.1,18.3,8.5,16
EL43,2016,16.5,20.1,15.4,17.7
EL51,2016,18.4,22.5,17,19.5
EL52,2016,27.2,25.6,16.5,22.9
EL53,2016,29.4,30.6,26.6,29.1
EL54,2016,26.3,27.5,20.3,24.8
EL61,2016,20.7,22.9,17.2,20.6
EL62,2016,22.8,19.6,14.6,19.6
EL63,2016,24.8,30.7,21.6,26.3
EL64,2016,20.7,21.3,20.3,20.8
EL65,2016,15.3,19.2,14.3,16.8
ES11,2016,21,14.8,11.1,15.7
ES12,2016,20.4,13.3,9.9,13.7
ES13,2016,18.4,14.8,9.6,13.6
ES21,2016,18.7,13.3,7.2,11.3
ES22,2016,15.3,11.3,6.8,10.2
ES23,2016,16.1,12.1,8.3,12
ES24,2016,17.1,12.3,6.5,11.6
ES30,2016,22.4,15.1,7.8,13.3
ES41,2016,19.7,13.5,9,14.1
ES42,2016,26.4,19.5,12.8,20.8
ES43,2016,34,22.9,14.7,26.2
ES51,2016,20.3,14.1,7.3,13.4
ES52,2016,23.7,18.3,11.9,18.2
ES53,2016,16.8,12.5,6.9,12.4
ES61,2016,33.9,23.4,14.5,25.5
ES62,2016,23.2,19.3,9.7,18
ES63,2016,32.8,15.7,11.1,22.4
ES64,2016,39.6,25.2,14.5,27.6
ES70,2016,30.1,22.2,16,23.5
FI19,2016,18.2,10,6,9.3
FI1B,2016,17.8,8.3,4.8,7.7
FI1C,2016,16.9,9.2,5,8.5
FI1D,2016,19.4,10.4,5.5,9.6
FI20,2016,NA,NA,NA,NA
FR10,2016,15.7,10.9,4.8,8.7
FRB0,2016,14.2,9.1,4.7,8.5
FRC1,2016,18.1,11.2,5.9,10.7
FRC2,2016,15,6.8,3.8,6.9
FRD1,2016,10.8,8,6,8.1
FRD2,2016,19.9,11.9,5,11.3
FRE1,2016,23.8,14.6,5.1,12.9
FRE2,2016,15.6,9.7,5.4,10
FRF1,2016,18,9,4.9,9
FRF2,2016,15.9,9.2,5.6,9.6
FRF3,2016,20.5,11.1,6.1,11
FRG0,2016,13.3,7.1,4.6,7.1
FRH0,2016,13.9,6.9,6,7.3
FRI1,2016,16.1,10.6,6.8,10.1
FRI2,2016,13.7,5.7,4.1,6.3
FRI3,2016,16.7,9.1,5.5,9.1
FRJ1,2016,20.2,13.5,6.2,12.3
FRJ2,2016,11.9,7.8,5.1,7.2
FRK1,2016,15,7.8,5.8,8.4
FRK2,2016,13.2,7.9,4.5,7.2
FRL0,2016,17.6,11.4,5.6,10.3
FRM0,2016,14.1,13.2,3.8,9.8
FRY1,2016,30.4,22.5,11.9,22.4
FRY2,2016,24.4,19,8.8,17.8
FRY3,2016,36.9,19.3,NA,21.9
FRY4,2016,30.8,24.5,9.2,22.7
FRY5,2016,38.9,19.3,NA,29.6
HR03,2016,16,11.9,7.1,10.9
HR04,2016,20.8,11.6,7.1,11.4
HU11,2016,9,3.1,1.6,2.9
HU12,2016,7.2,2.7,NA,2.6
HU21,2016,5.7,2.1,NA,2.2
HU22,2016,7,2,NA,2.4
HU23,2016,14.9,5.6,NA,6.3
HU31,2016,13.5,5,NA,5.8
HU32,2016,16.9,5.9,2.9,7.4
HU33,2016,8.7,3.8,2.2,4.1
IE04,2016,7.9,7.8,4,6.2
IE05,2016,11.2,8.2,4.6,7
IE06,2016,13.3,8.8,3.8,6.7
IS00,2016,4.7,2.4,1.6,2.7
ITC1,2016,12.1,8.8,4.6,9.1
ITC2,2016,11.5,6.4,NA,7.8
ITC3,2016,15.1,7.3,6.2,9.5
ITC4,2016,8.5,6.4,3.5,6.4
ITF1,2016,12.3,12.1,9.9,11.7
ITF2,2016,15.9,16.4,9,14.6
ITF3,2016,28,19.1,10.6,20.9
ITF4,2016,22.9,18.3,10.8,18.8
ITF5,2016,14.2,12.8,10.5,12.8
ITF6,2016,26.7,20.9,13.3,21.6
ITG1,2016,26.4,20.6,12.5,21.5
ITG2,2016,21.1,15.7,10.4,17
ITH1,2016,4.6,2.6,NA,3.1
ITH2,2016,8.1,5.6,3.4,5.7
ITH3,2016,9.1,5.5,4.2,6.3
ITH4,2016,7.7,6.6,5.8,6.7
ITH5,2016,8.9,6,4.6,6.5
ITI1,2016,11.5,8.2,5.3,8.6
ITI2,2016,14.7,10.1,6.6,10.5
ITI3,2016,12.9,10.8,6.8,10.6
ITI4,2016,14.9,11.2,5.8,10.7
LT01,2016,18.1,7.3,2.3,4.8
LT02,2016,20.8,10,3.3,8.1
LU00,2016,8.9,5.3,3.8,5.5
LV00,2016,18.8,10.2,3.9,8.7
ME00,2016,21.8,17.5,10.9,16.1
MK00,2016,26.5,22.6,18.7,22.4
MT00,2016,6,3.5,2,4
NL11,2016,12.9,7.2,4.3,7.2
NL12,2016,8.9,5.3,3,5.5
NL13,2016,8.7,4.2,2.3,5
NL21,2016,8.1,5,2.9,5.1
NL22,2016,7.2,4.7,2.4,4.5
NL23,2016,10.2,5,3.4,5.7
NL31,2016,7.9,4.4,2.6,4.2
NL32,2016,7.8,4.9,2.9,4.5
NL33,2016,9.7,5.4,3.3,5.5
NL34,2016,3.7,2.8,NA,2.9
NL41,2016,7,4,2.5,4.2
NL42,2016,8.8,3.8,3,4.7
NO01,2016,10.3,5,2.8,4.6
NO02,2016,NA,NA,NA,2.8
NO03,2016,9.6,3.9,NA,4.4
NO04,2016,11.3,4.1,3.5,5.2
NO05,2016,9.4,4,NA,4
NO06,2016,NA,NA,NA,2.9
NO07,2016,NA,NA,NA,3.2
PL21,2016,9,5.2,2.1,4.2
PL22,2016,14.5,4.3,1.9,3.9
PL41,2016,6.5,3.6,1.4,3.1
PL42,2016,10,5.3,NA,4.6
PL43,2016,NA,4,NA,3.7
PL51,2016,12,5.3,2.5,4.7
PL52,2016,NA,4.2,NA,4.3
PL61,2016,15.2,5.8,2.7,5.5
PL62,2016,18.3,7.8,NA,7.2
PL63,2016,8.8,4.9,2.4,4.2
PL71,2016,11.5,5.2,1.8,4.6
PL72,2016,NA,7.7,4.2,7
PL81,2016,15.5,7.6,4.3,7.2
PL82,2016,16.9,9.8,4.2,8.4
PL84,2016,NA,4.9,2.9,4.7
PL91,2016,NA,5.4,2.1,3.5
PL92,2016,13,6.8,3.4,6.4
PT11,2016,10,10.6,8.2,9.8
PT15,2016,8.5,8,NA,7.7
PT16,2016,6.1,9.6,5.7,6.9
PT17,2016,12.8,9.9,5.5,9.5
PT18,2016,9.1,8.7,NA,8.4
PT20,2016,10.6,NA,NA,9
PT30,2016,10.6,NA,NA,10.4
RO11,2016,7,3.1,NA,3.6
RO12,2016,10.9,3.6,NA,4.2
RO21,2016,2.2,3.6,NA,2.9
RO22,2016,9.3,6.1,4.3,6.5
RO31,2016,10,6.9,NA,6.8
RO32,2016,14.1,5,1.7,4.3
RO41,2016,5.1,9.4,5.3,7.7
RO42,2016,8.1,4.1,NA,4.4
RS11,2016,18.1,14.1,11.5,13.3
RS12,2016,14.2,12.4,9.9,12.2
RS21,2016,8,15.9,13.7,13.6
RS22,2016,10.3,16.9,15.4,15.2
SE11,2016,17.6,5.2,4,6.3
SE12,2016,22,5.3,4.4,7.6
SE21,2016,15.6,3.2,3.6,5.5
SE22,2016,21.1,7.3,5.3,8.4
SE23,2016,16.2,4.4,3.7,6
SE31,2016,21.5,4.6,3,6.9
SE32,2016,18.6,5.3,2.3,6.2
SE33,2016,13.2,5.4,3.8,5.9
SI03,2016,11.2,6.7,5.5,6.8
SI04,2016,10.4,6.7,5,6.3
SK01,2016,NA,5.1,2.6,4.2
SK02,2016,17.4,5.3,3.2,5.5
SK03,2016,26.9,8.9,5.3,9.4
SK04,2016,44.1,10.1,5.8,12
TR10,2016,13.5,14.4,13.9,13.8
TR21,2016,7.2,10,9.2,8.3
TR22,2016,4.8,7.2,7.5,5.9
TR31,2016,13.1,17.1,13,14
TR32,2016,5.3,9.1,10.6,7.1
TR33,2016,4.4,9.1,9.1,6.1
TR41,2016,9.7,9.1,10.3,9.7
TR42,2016,10.4,10.2,12.4,10.8
TR51,2016,11.4,12.1,10.5,11.3
TR52,2016,4.7,7.8,8.5,5.9
TR61,2016,10.3,15.5,12.1,11.9
TR62,2016,8.6,12.2,14.3,10.6
TR63,2016,9.5,14.7,15.9,11.5
TR71,2016,9.3,13.6,15.1,11.3
TR72,2016,9.3,15,15,11.7
TR81,2016,4.8,10.4,11.1,7.2
TR82,2016,3.1,7.2,8,4.5
TR83,2016,4.9,10,10.7,6.7
TR90,2016,2,4.8,7,3.5
TRA1,2016,4,7.2,7.1,5.3
TRA2,2016,4.3,7.1,10.9,5.5
TRB1,2016,4.5,8.2,11.3,6.8
TRB2,2016,11.4,16.6,16.6,12.6
TRC1,2016,13.8,14.5,15.7,14.3
TRC2,2016,12,19.7,17.2,13.8
TRC3,2016,27.7,26.2,24.9,26.9
UKC1,2016,8.4,4.8,3.7,5.2
UKC2,2016,10.4,5.9,3.6,5.8
UKD1,2016,NA,4.8,NA,3.4
UKD3,2016,6.2,3.6,3.4,4
UKD4,2016,7.7,4.4,1.9,4.2
UKD6,2016,7.1,2.8,2.2,3.1
UKD7,2016,7.1,6.1,3,5.2
UKE1,2016,8.9,5.3,NA,4.6
UKE2,2016,NA,5.2,2.7,4.1
UKE3,2016,12.1,4.9,3.1,5.6
UKE4,2016,9.7,4.7,2,4.8
UKF1,2016,7,3.9,1.5,3.6
UKF2,2016,7,4.2,3.9,4.6
UKF3,2016,5.8,4.7,NA,3.7
UKG1,2016,5.5,2.9,1.7,2.9
UKG2,2016,7.8,5.8,2.1,4.9
UKG3,2016,11.2,7.7,3.6,7.2
UKH1,2016,6.1,4.2,2.3,3.9
UKH2,2016,5.3,3.5,3.2,3.7
UKH3,2016,6.1,3.7,3.6,4.2
UKI3,2016,15.8,10,3.7,5.6
UKI4,2016,9.2,7.9,3.6,5.3
UKI5,2016,6.3,8.4,3.2,5.6
UKI6,2016,7.3,6,3.5,4.9
UKI7,2016,7,5.7,3.9,4.9
UKJ1,2016,7.4,2.6,2.1,2.9
UKJ2,2016,4.8,4.1,2,3.2
UKJ3,2016,5.1,3.5,2,3.1
UKJ4,2016,7.2,3.8,1.7,3.7
UKK1,2016,7.3,4.7,2.2,3.9
UKK2,2016,3.5,3.2,2.1,2.8
UKK3,2016,NA,3.5,NA,2.4
UKK4,2016,4.5,4.7,3,4
UKL1,2016,7.3,5.2,2.4,4.6
UKL2,2016,7.3,4.6,3,4.3
UKM5,2016,NA,NA,3.9,4.2
UKM6,2016,NA,NA,NA,2.6
UKM7,2016,4.6,4.7,2.8,3.7
UKM8,2016,6.5,5,3.6,4.7
UKM9,2016,7.4,4.7,3.5,4.7
UKN0,2016,8.1,5,2.2,4.5
AT11,2017,NA,NA,NA,4.2
AT12,2017,8.8,3.5,2.3,3.8
AT13,2017,22.3,9.8,5.9,10
AT21,2017,NA,3.8,NA,4.1
AT22,2017,8.9,3.7,2.7,4
AT31,2017,8.1,2.9,1.5,3.2
AT32,2017,NA,2.4,NA,2.8
AT33,2017,NA,1.9,NA,2.4
AT34,2017,NA,NA,NA,3.3
BE10,2017,25.6,16.4,6.9,13.2
BE21,2017,8.9,4.4,2.7,4.3
BE22,2017,7.7,4.1,2,3.8
BE23,2017,5.7,2.2,2.2,2.7
BE24,2017,5.2,3.7,3.2,3.6
BE25,2017,5.4,2.1,1.9,2.6
BE31,2017,15.9,6.9,5.3,6.9
BE32,2017,22,10.5,3.5,9.9
BE33,2017,17.4,8.2,3.6,8.2
BE34,2017,NA,6.6,NA,5.4
BE35,2017,14.5,9.7,5.2,8.5
BG31,2017,35.4,9.6,NA,11.2
BG32,2017,20.4,5.6,3.2,6.7
BG33,2017,19.7,5.3,2.9,7.4
BG34,2017,13.8,4.3,2.4,5.4
BG41,2017,10.2,2.6,1.5,2.6
BG42,2017,7.7,3.8,3,4.2
CH01,2017,11.7,6.9,6.2,7.5
CH02,2017,7.6,4.5,2.7,4.3
CH03,2017,7.6,4.5,3.1,4.2
CH04,2017,8,4.8,3,4.3
CH05,2017,5.6,3.8,2.4,3.6
CH06,2017,4.5,2.6,2.6,2.9
CH07,2017,14,6.3,4.3,6.6
CY00,2017,9.6,8.8,7.6,8.4
CZ01,2017,5,1.4,0.9,1.3
CZ02,2017,8.9,1.9,1,2
CZ03,2017,7.1,1.4,0.5,1.5
CZ04,2017,12.7,2.4,2.1,3.4
CZ05,2017,9.3,1.7,1.1,2
CZ06,2017,11.8,2.1,1.5,2.3
CZ07,2017,9.5,2.2,0.9,2.2
CZ08,2017,16.3,3.3,2,3.7
DE11,2017,5.9,2,1.1,2.3
DE12,2017,6.7,2.5,1.9,2.9
DE13,2017,6.5,1.9,1.7,2.6
DE14,2017,4.2,1.7,NA,1.9
DE21,2017,5.8,1.8,1.9,2.3
DE22,2017,NA,1.7,NA,2
DE23,2017,NA,1.7,NA,1.9
DE24,2017,NA,2.5,NA,2.3
DE25,2017,NA,1.6,NA,1.8
DE26,2017,NA,1.6,NA,2
DE27,2017,5.4,2,NA,2.4
DE30,2017,18.7,5.6,3.1,6.1
DE40,2017,14.7,3.9,1.5,4.1
DE50,2017,NA,3.5,NA,4.3
DE60,2017,10.6,3.3,2.7,4.1
DE71,2017,8.2,2.5,1.7,3.1
DE72,2017,8.1,3.1,NA,3.6
DE73,2017,6.8,2.3,NA,2.9
DE80,2017,15.2,4.7,NA,4.8
DE91,2017,12.2,3.1,NA,4
DE92,2017,10.9,3.3,2.2,4.1
DE93,2017,7.5,1.8,NA,2.4
DE94,2017,6,2.5,NA,2.7
DEA1,2017,10.9,3.4,2,4.3
DEA2,2017,9.2,3.1,2,3.6
DEA3,2017,10.3,2.5,1.9,3.6
DEA4,2017,8.1,2.5,NA,3.2
DEA5,2017,10,3.2,1.8,4
DEB1,2017,7.4,2.1,NA,2.7
DEB2,2017,NA,NA,NA,2.5
DEB3,2017,8.8,2.7,1.9,3.5
DEC0,2017,10.1,2.7,NA,3.6
DED2,2017,14.7,4.2,NA,4
DED4,2017,NA,3.4,NA,3.4
DED5,2017,16.5,4.7,NA,4.7
DEE0,2017,17.1,4.9,2.2,5.3
DEF0,2017,8.5,2.3,2,3.1
DEG0,2017,12.8,4.3,1.9,4.1
DK01,2017,9.5,4.5,4.5,5.4
DK02,2017,9.1,3.9,3.6,5.2
DK03,2017,8.7,3.7,4,4.9
DK04,2017,7.4,3.9,3.9,4.7
DK05,2017,8.1,4.4,4.3,5.5
EE00,2017,10.5,5.7,3.5,5.4
EL30,2017,33.6,22.8,12.8,19.9
EL41,2017,25.4,21.5,20.5,22.3
EL42,2017,20.9,18.1,8.8,16.9
EL43,2017,11.5,16,11.4,13.4
EL51,2017,14,18.5,14.7,15.9
EL52,2017,24.3,23.2,15.1,20.7
EL53,2017,24.8,29.5,25.4,27
EL54,2017,22.6,23.1,15.5,20.1
EL61,2017,17.7,20.9,15.5,18.3
EL62,2017,16,17.1,13.5,15.9
EL63,2017,23.4,26.7,20.5,24.1
EL64,2017,17.9,19.9,18.4,18.9
EL65,2017,12.7,17.5,11.2,14.4
ES11,2017,18.2,13.6,8.9,13.3
ES12,2017,19.7,16.3,8.8,13.6
ES13,2017,15,11.8,7.2,10.7
ES21,2017,16.9,11.9,6.1,10
ES22,2017,17.5,10.3,5.7,10
ES23,2017,13.9,10.7,7,10.4
ES24,2017,16.2,11.3,5.6,10.6
ES30,2017,19,14.9,7.3,12.2
ES41,2017,17,11,8.3,12.1
ES42,2017,23.1,17.7,11,18.2
ES43,2017,29.6,20.7,15.4,23.6
ES51,2017,16.9,13.2,6.4,11.5
ES52,2017,22,14.1,10.2,15.6
ES53,2017,14.2,14.1,5.6,11.5
ES61,2017,30.6,21.7,13.5,23
ES62,2017,21,18.8,9.7,16.8
ES63,2017,40,22,14.7,29
ES64,2017,40.6,18.2,10.7,25.8
ES70,2017,26.7,17.6,14.1,20.1
FI19,2017,14.6,8.2,4.4,7.4
FI1B,2017,16.3,7.8,4.1,6.9
FI1C,2017,16.6,8.2,3.6,7.4
FI1D,2017,16.3,9,4.6,8.1
FI20,2017,NA,NA,NA,NA
FR10,2017,15.2,10.1,5.8,8.7
FRB0,2017,11.9,9.3,5.3,8.3
FRC1,2017,16.3,8.6,5.7,8.9
FRC2,2017,10.4,7.4,4.7,7.2
FRD1,2017,11.8,8.1,5.8,8
FRD2,2017,16.6,8.7,6.1,9.3
FRE1,2017,23.7,13.2,5.9,12.2
FRE2,2017,15.4,10.3,3.5,9.2
FRF1,2017,14.5,8.5,4.9,8
FRF2,2017,15.7,9,4.1,8.8
FRF3,2017,16.7,10.3,5.2,9.8
FRG0,2017,13.1,7.8,5.6,7.8
FRH0,2017,12.5,7.3,4.5,6.8
FRI1,2017,18.2,9.1,6.2,9.3
FRI2,2017,14,6.6,4.9,7
FRI3,2017,15.1,9,5.7,8.7
FRJ1,2017,19,13,6.2,11.7
FRJ2,2017,14.9,7.7,5.9,7.7
FRK1,2017,14.6,8.1,4,7.7
FRK2,2017,12.7,8.5,4.4,7.3
FRL0,2017,15.6,10.3,5.4,9.3
FRM0,2017,NA,NA,NA,5
FRY1,2017,30.4,23.6,11.2,22.6
FRY2,2017,21.8,20.2,9.4,17.3
FRY3,2017,30.5,16.5,NA,19
FRY4,2017,33.6,27,8.3,24
FRY5,2017,44.8,28.3,NA,35.1
HR03,2017,10.7,9.7,8.6,9.4
HR04,2017,11.6,8.9,4.7,8
HU11,2017,9.8,4.2,1.3,3.1
HU12,2017,5.7,2,NA,2.2
HU21,2017,6,2,NA,2.2
HU22,2017,4.6,1.9,NA,2
HU23,2017,16.2,4.2,NA,5.6
HU31,2017,10.7,3.9,NA,4.7
HU32,2017,16.2,5.5,2.1,6.6
HU33,2017,8.8,2.8,NA,3.3
IE04,2017,8.3,6.6,3.5,5.6
IE05,2017,9.1,7.1,4.4,6.1
IE06,2017,10.9,6.9,3.6,5.6
IS00,2017,4.5,2.3,1.9,2.7
ITC1,2017,11.4,7.9,4,8.2
ITC2,2017,10.3,6.1,NA,7
ITC3,2017,15,9.5,4.7,9.9
ITC4,2017,8,6,3.5,6
ITF1,2017,12.6,10.8,8.4,10.8
ITF2,2017,14.7,13.9,8.6,13
ITF3,2017,27,19,10,20.4
ITF4,2017,19.4,15.7,9.7,16
ITF5,2017,12.7,13.1,10.5,12.5
ITF6,2017,25.5,20.1,17.3,21.6
ITG1,2017,27.3,20,12.4,21.5
ITG2,2017,18.8,14.2,10,15.4
ITH1,2017,3.7,2.6,NA,2.9
ITH2,2017,6.6,5,NA,4.8
ITH3,2017,8.5,6.2,4.1,6.4
ITH4,2017,8.4,6.9,4.2,6.7
ITH5,2017,8.9,5.3,3.2,5.9
ITI1,2017,10.1,7,4.4,7.3
ITI2,2017,12.6,9.2,5.2,9.2
ITI3,2017,9.5,8.2,5.7,8.1
ITI4,2017,14.2,12.8,5.7,11.1
LT01,2017,19.1,6.8,2.4,4.6
LT02,2017,17.2,8.4,3.1,6.9
LU00,2017,8.4,5.6,4.2,5.6
LV00,2017,16.5,8.5,3.7,7.4
ME00,2017,19.7,16.6,10.3,15.2
MK00,2017,23.7,21,17.8,20.7
MT00,2017,5.3,3.5,1.9,3.7
NL11,2017,9.2,6,3.1,5.5
NL12,2017,7.9,4.2,3,4.7
NL13,2017,8.2,3.1,2.5,4.1
NL21,2017,6.5,3.3,2.2,3.7
NL22,2017,5.9,2.8,2.3,3.3
NL23,2017,7.2,4.5,2.6,4.5
NL31,2017,5.9,3.5,2.4,3.4
NL32,2017,6.5,3.8,2.7,3.8
NL33,2017,7.7,4.3,2.5,4.3
NL34,2017,4.6,2.2,NA,2.7
NL41,2017,5.5,3.3,2.3,3.4
NL42,2017,5.3,3.1,2.5,3.4
NO01,2017,9.7,4.5,2.7,4.2
NO02,2017,NA,NA,NA,2.9
NO03,2017,8.9,2.9,NA,3.7
NO04,2017,10.1,4,NA,4.4
NO05,2017,7.5,4.1,NA,3.8
NO06,2017,NA,NA,NA,3.1
NO07,2017,NA,NA,NA,3.2
PL21,2017,NA,3.5,1.8,2.9
PL22,2017,13.5,3.6,2.1,3.4
PL41,2017,NA,2.3,1.9,2.2
PL42,2017,11.9,4.3,NA,3.8
PL43,2017,NA,3.2,NA,3
PL51,2017,8.9,3.9,1.4,3.3
PL52,2017,NA,3.4,NA,3.2
PL61,2017,13.8,4.5,NA,4.3
PL62,2017,13.9,6.3,NA,5.6
PL63,2017,9.2,3,1.8,3
PL71,2017,8.2,5,2.4,4.3
PL72,2017,NA,6.7,3.4,5.8
PL81,2017,15.6,7,3.1,6.3
PL82,2017,12.3,7.5,3.6,6.5
PL84,2017,NA,3.5,NA,3.2
PL91,2017,NA,3.5,1.4,2.4
PL92,2017,9.5,6.1,3.4,5.7
PT11,2017,7.1,8.8,6,7.3
PT15,2017,7.5,NA,NA,6.4
PT16,2017,4.9,6.8,5.8,5.6
PT17,2017,9,8.5,4.8,7.4
PT18,2017,7.6,8.5,NA,7.2
PT20,2017,9.5,NA,NA,8.6
PT30,2017,9.2,NA,NA,8.8
RO11,2017,5.5,2.5,NA,2.9
RO12,2017,12.1,3.5,NA,4.2
RO21,2017,1.8,2.8,NA,2.4
RO22,2017,7.6,6.1,NA,6.1
RO31,2017,7.5,5.5,NA,5.5
RO32,2017,12.2,4,1.6,3.6
RO41,2017,4.5,7.7,NA,6.4
RO42,2017,9,3.2,NA,3.6
RS11,2017,16.5,11.7,9,10.9
RS12,2017,12.9,10.1,9.7,10.5
RS21,2017,9.5,15.8,13.1,13.8
RS22,2017,13.9,17.8,13.9,16.2
SE11,2017,17.1,4.7,3.2,5.6
SE12,2017,21.5,4.8,4.1,7.2
SE21,2017,16.5,3,4.1,5.7
SE22,2017,23.7,6.8,5.2,8.6
SE23,2017,15.3,4.1,3.5,5.6
SE31,2017,21.3,4.2,2.5,6.4
SE32,2017,17.2,4.4,2.4,5.5
SE33,2017,16.6,4.4,3.4,5.4
SI03,2017,9.8,5.6,3.7,5.4
SI04,2017,6.3,5.4,3.5,4.7
SK01,2017,NA,3.8,1.8,2.9
SK02,2017,15.4,4,2.6,4.3
SK03,2017,31.2,6.7,3.4,7.5
SK04,2017,43.6,8,4.4,10.1
TR10,2017,12.4,12.7,12.2,12.4
TR21,2017,7.3,8.1,7.2,7.5
TR22,2017,3.9,8.8,7.2,5.7
TR31,2017,13.4,14.7,13.4,13.7
TR32,2017,4.7,9.8,10,6.9
TR33,2017,5.2,7.6,11.4,6.8
TR41,2017,8.7,8.9,9.2,8.9
TR42,2017,9.4,10.1,11.9,10.1
TR51,2017,9.5,10.4,10.4,10.1
TR52,2017,4.8,7.6,7.8,5.8
TR61,2017,10,13.1,12.8,11.4
TR62,2017,9,14.8,12.9,11.2
TR63,2017,12.8,15.5,17.2,14.1
TR71,2017,9,12.9,14.5,10.8
TR72,2017,11.6,14,16,13
TR81,2017,5.6,10.7,12.8,8.1
TR82,2017,3.6,8,7.5,5.1
TR83,2017,4.4,11.3,9,6.4
TR90,2017,4.7,7.3,9,6.1
TRA1,2017,5.3,9,11.3,7.4
TRA2,2017,3.9,6.8,12.7,5.3
TRB1,2017,5.4,10.1,13.1,8
TRB2,2017,20.3,25.2,24.6,21.6
TRC1,2017,11,12,16.8,12.3
TRC2,2017,16.6,24.4,22.1,18.6
TRC3,2017,25.6,26.5,20.6,24.8
UKC1,2017,6.7,5.1,NA,4.4
UKC2,2017,7,6.8,2.1,5.2
UKD1,2017,NA,NA,NA,1.9
UKD3,2017,6,4.9,2.7,4.2
UKD4,2017,7.2,5.9,2.5,4.8
UKD6,2017,7.9,3,2,3.2
UKD7,2017,6,3.8,3.3,4
UKE1,2017,10.9,5.2,NA,5.6
UKE2,2017,NA,3.2,2.8,3.3
UKE3,2017,9.4,5.6,2.3,5
UKE4,2017,6.8,5.4,2.8,4.7
UKF1,2017,7.5,4.9,2.3,4.4
UKF2,2017,6.5,4.2,3,4.2
UKF3,2017,NA,4.8,3.2,4.2
UKG1,2017,NA,3.1,2.7,3
UKG2,2017,5.2,4.4,1.9,3.7
UKG3,2017,9.8,7.3,3.5,6.5
UKH1,2017,6.1,3.7,1.9,3.5
UKH2,2017,3.7,3.5,2,2.9
UKH3,2017,2.6,3.6,1.9,2.8
UKI3,2017,14.1,7.3,3.7,5.1
UKI4,2017,10,6.9,2.5,4.3
UKI5,2017,6.4,5.4,3.5,4.6
UKI6,2017,5.8,7.8,2.5,4.7
UKI7,2017,8,7.2,2.7,4.8
UKJ1,2017,6.4,3.3,1.8,3
UKJ2,2017,4.4,4.1,2.9,3.6
UKJ3,2017,4.6,2.9,2,2.7
UKJ4,2017,7.1,4.9,2.1,4.3
UKK1,2017,4.2,3.4,1.9,2.9
UKK2,2017,5.4,2.7,2.4,3.1
UKK3,2017,NA,3.8,NA,2.6
UKK4,2017,5.7,3.2,2.5,3.3
UKL1,2017,8.2,5.2,2.8,4.9
UKL2,2017,NA,3.1,1.8,2.7
UKM5,2017,NA,5,NA,3.5
UKM6,2017,NA,NA,NA,2.2
UKM7,2017,5.1,3.8,2.9,3.6
UKM8,2017,7,5.3,4.1,5.1
UKM9,2017,5.9,3.7,NA,3.2
UKN0,2017,6,4,1.9,3.6
AT11,2018,NA,NA,NA,3.6
AT12,2018,9,3.8,2.6,4
AT13,2018,21.1,9.1,5.4,9.3
AT21,2018,NA,3.6,NA,3.8
AT22,2018,8.2,2.8,2.2,3.2
AT31,2018,7.5,2.4,1.8,2.9
AT32,2018,NA,2.2,NA,2.4
AT33,2018,NA,1.9,NA,2.1
AT34,2018,NA,NA,NA,3.2
BE10,2018,24.5,13.4,7.5,12.6
BE21,2018,6.4,3.8,2.3,3.6
BE22,2018,6.4,4,2.2,3.6
BE23,2018,5.9,2.9,1.9,2.9
BE24,2018,8.5,3.6,2.6,3.6
BE25,2018,5.1,2.6,1.6,2.5
BE31,2018,18.5,5.5,3.3,5.5
BE32,2018,18.5,9.4,3.1,8.6
BE33,2018,14.3,6.6,3.7,6.7
BE34,2018,11.7,6.1,NA,5.4
BE35,2018,14.9,7.1,3.8,7
BG31,2018,37.7,7.7,NA,10.8
BG32,2018,19.4,3.8,NA,5.1
BG33,2018,15.5,3.8,3.5,5.9
BG34,2018,9.4,3,NA,4
BG41,2018,8.7,2.1,1.3,2.3
BG42,2018,5.6,2.9,NA,3
CH01,2018,10.3,7.4,6.4,7.5
CH02,2018,6.9,3.9,2.5,3.8
CH03,2018,6.7,4,2.1,3.5
CH04,2018,7.6,4,3.2,4
CH05,2018,9,3,2,3.4
CH06,2018,4,2.7,2.2,2.7
CH07,2018,15.2,7,3.9,6.8
CY00,2018,7.5,8,6.1,7.1
CZ01,2018,5.7,1.4,1,1.3
CZ02,2018,6.7,1.2,0.7,1.3
CZ03,2018,10.2,1.2,0.7,1.5
CZ04,2018,10.1,2.3,1.5,3
CZ05,2018,9.1,1.3,1.1,1.7
CZ06,2018,10.5,1.7,1.1,1.9
CZ07,2018,13.6,2,0.7,2.2
CZ08,2018,17.7,3.2,1.3,3.7
DE11,2018,5.1,2.1,1.6,2.4
DE12,2018,5.5,2.7,1.8,2.8
DE13,2018,3.9,1.7,2,2.1
DE14,2018,4.5,1.6,NA,1.9
DE21,2018,4.3,1.7,1.5,1.9
DE22,2018,NA,1.7,NA,2
DE23,2018,NA,2.2,NA,2.2
DE24,2018,NA,2.1,NA,2.3
DE25,2018,4.8,1.7,NA,2.1
DE26,2018,NA,1.9,NA,2
DE27,2018,4.5,2,NA,2.2
DE30,2018,15.6,5.1,3,5.3
DE40,2018,10.7,3.2,1.7,3.4
DE50,2018,10.5,3.8,NA,5.1
DE60,2018,10.1,2.9,2,3.6
DE71,2018,7.5,2.6,1.8,3.1
DE72,2018,7.8,2.6,NA,3.3
DE73,2018,7.1,2.2,NA,2.8
DE80,2018,10.9,4.1,NA,4
DE91,2018,8.6,2.8,NA,3.3
DE92,2018,11.1,2.4,2,3.5
DE93,2018,8.1,2,NA,2.6
DE94,2018,7.5,2.4,NA,2.9
DEA1,2018,9.2,3.1,2.1,3.8
DEA2,2018,8.8,2.7,2.1,3.4
DEA3,2018,8.9,2.7,1.6,3.4
DEA4,2018,7.1,2.4,NA,3
DEA5,2018,10,3,2.1,3.9
DEB1,2018,5.6,1.7,NA,2.2
DEB2,2018,NA,NA,NA,2
DEB3,2018,7.6,2.8,1.8,3.3
DEC0,2018,10.4,2.9,NA,3.7
DED2,2018,12.2,3.6,NA,3.5
DED4,2018,13.8,3.6,NA,3.7
DED5,2018,17.7,4.4,NA,4.7
DEE0,2018,11.8,4.4,2.1,4.6
DEF0,2018,7.2,2.4,1.5,2.9
DEG0,2018,13,3.6,1.9,3.7
DK01,2018,9.4,4.5,3.9,5.1
DK02,2018,8.4,3.7,4.3,4.9
DK03,2018,8.1,3.9,3.6,4.8
DK04,2018,7.7,3.7,4.4,4.9
DK05,2018,8.2,4.8,5,5.8
EE00,2018,9.6,4.8,2.8,4.5
EL30,2018,30.7,19.8,10.2,16.9
EL41,2018,18.8,19.3,13.9,17.6
EL42,2018,14.6,13.9,12.2,13.7
EL43,2018,10.4,14.2,8.5,11.7
EL51,2018,17.2,16.7,14.1,16.2
EL52,2018,24.7,21.7,14.2,19.6
EL53,2018,17.6,27.3,24.6,24.5
EL54,2018,17.7,19.6,11.7,16.4
EL61,2018,18.4,21.4,15,18.5
EL62,2018,12,14.5,9.1,12.3
EL63,2018,24.7,26.9,17.7,24.1
EL64,2018,15.9,19.1,15,17.2
EL65,2018,10.6,14.1,9.7,12
ES11,2018,15.9,13,7.7,11.8
ES12,2018,21,16.8,9,14.2
ES13,2018,15.8,10.4,6.8,10.3
ES21,2018,16.6,10.9,5.3,9.2
ES22,2018,13.2,8.7,5.4,8.2
ES23,2018,12.7,10.9,6.9,10
ES24,2018,14.7,10.2,6.3,10
ES30,2018,14.6,12.9,7.6,10.6
ES41,2018,16.2,10.8,8.2,11.6
ES42,2018,20.6,16.4,10.1,16.2
ES43,2018,26.6,21,13.2,21.5
ES51,2018,17,12,6.1,11
ES52,2018,18.3,13.7,10.4,14.1
ES53,2018,14.3,13.9,7,11.7
ES61,2018,28.5,20.3,12.4,21.2
ES62,2018,19.3,14.5,8.6,14.7
ES63,2018,38.5,15.7,12.1,25.8
ES64,2018,41.8,22.7,11.8,27
ES70,2018,27.2,18.8,14.6,20.5
FI19,2018,15.2,7,3.6,6.4
FI1B,2018,16.5,6.8,4.1,6.4
FI1C,2018,15,6.3,4.1,6.3
FI1D,2018,17.4,8.8,4,7.8
FI20,2018,NA,NA,NA,NA
FR10,2018,13.4,9.7,5.3,7.9
FRB0,2018,12.1,9.1,5,8.2
FRC1,2018,15.5,6.9,5.3,7.5
FRC2,2018,11.2,8.7,5.9,8.2
FRD1,2018,12.2,7.8,6.7,8.2
FRD2,2018,16.9,11.5,3.9,9.9
FRE1,2018,24.7,12.6,4.4,11.2
FRE2,2018,15.1,9.5,4.3,9
FRF1,2018,15.8,6.8,4.9,7.3
FRF2,2018,18.1,8.5,5.1,9.1
FRF3,2018,15,8.7,4.4,8.1
FRG0,2018,13.8,7.6,5.3,7.6
FRH0,2018,11.7,7.4,4.9,6.9
FRI1,2018,17.4,8.8,6.4,9.1
FRI2,2018,15.4,7,NA,7
FRI3,2018,15.2,9.5,2.7,8.1
FRJ1,2018,17.7,11.5,5.5,10.3
FRJ2,2018,12.3,7.6,4.6,6.7
FRK1,2018,10.8,5.6,3.4,5.6
FRK2,2018,12.3,7.8,4.6,7
FRL0,2018,15,9.2,6.1,8.8
FRM0,2018,NA,NA,NA,6.3
FRY1,2018,28.8,23.6,7.6,20.6
FRY2,2018,20.9,15.3,8.5,14.8
FRY3,2018,32.1,18.2,NA,19.3
FRY4,2018,31,22.8,8.4,21.3
FRY5,2018,40.9,21.1,NA,30.1
HR03,2018,4.9,6.3,6.9,6.4
HR04,2018,10.4,7.2,4.4,6.7
HU11,2018,7.8,2.7,1.7,2.5
HU12,2018,5.8,2.2,1.6,2.4
HU21,2018,4,1.8,NA,2
HU22,2018,NA,1.6,NA,1.8
HU23,2018,13.9,3.5,NA,4.8
HU31,2018,9.5,3.8,NA,4.5
HU32,2018,15.7,5.2,NA,6.3
HU33,2018,10.2,2.9,NA,3.5
IE04,2018,6.7,5.5,3.3,4.7
IE05,2018,9.8,6.2,3.5,5.5
IE06,2018,8.7,5.9,3.1,4.7
IS00,2018,5.7,3.3,2.3,3.5
ITC1,2018,10.9,6.9,4.3,7.6
ITC2,2018,9.2,6,NA,6.5
ITC3,2018,15.2,8.7,4.9,9.6
ITC4,2018,7.9,5.4,2.9,5.6
ITF1,2018,11.5,12.1,9,11.2
ITF2,2018,13.5,13.9,6.7,12.2
ITF3,2018,27.2,17.9,10.8,20
ITF4,2018,17.8,15.3,8.1,14.9
ITF5,2018,10.9,10.6,10.9,10.8
ITF6,2018,25.5,20.9,13.1,21
ITG1,2018,26.2,18.5,10.7,20
ITG2,2018,16.2,15.7,10,14.7
ITH1,2018,4.3,2.4,NA,2.9
ITH2,2018,7.7,5,NA,5
ITH3,2018,8.2,4.9,3.7,5.6
ITH4,2018,8.3,5.8,4.4,6.1
ITH5,2018,7.7,5.2,3.8,5.5
ITI1,2018,8.4,7.3,3.5,6.7
ITI2,2018,13.2,7.4,6,8.5
ITI3,2018,10,8.9,6.3,8.6
ITI4,2018,12.2,11.1,6.2,9.9
LT01,2018,14.6,6.8,2.2,4.4
LT02,2018,19,8.8,3.4,7.1
LU00,2018,8.9,6.2,3.6,5.6
LV00,2018,13.7,7.1,3.6,6.3
ME00,2018,25.4,15.4,11.3,15.1
MK00,2018,23.3,16.6,14.3,17.3
MT00,2018,4.5,3.7,2.6,3.6
NL11,2018,8.7,5.4,2.9,5.1
NL12,2018,7.4,2.4,2.8,3.7
NL13,2018,5.2,2.4,NA,2.8
NL21,2018,4.8,2.6,2.4,3
NL22,2018,5.5,2.6,2.2,3.1
NL23,2018,6.9,3,NA,3.5
NL31,2018,4.5,3.7,1.8,2.9
NL32,2018,5.3,3.2,2.3,3.1
NL33,2018,7.3,3.9,2.4,4
NL34,2018,3.5,2.2,NA,2.6
NL41,2018,5.2,2.9,2.4,3.2
NL42,2018,4.7,2.9,2.2,3.1
NO01,2018,9.4,4.3,2.3,3.9
NO02,2018,NA,NA,NA,3.2
NO03,2018,8.3,3.4,NA,3.7
NO04,2018,7.9,3.7,NA,3.9
NO05,2018,7.1,3.5,NA,3.6
NO06,2018,NA,NA,NA,3.8
NO07,2018,NA,NA,NA,3
PL21,2018,NA,2.8,2.8,2.8
PL22,2018,8.3,2.5,1.7,2.4
PL41,2018,NA,3.1,1.2,2.6
PL42,2018,9.4,3.4,NA,3.2
PL43,2018,NA,2.1,NA,2
PL51,2018,12.5,4,1.1,3.3
PL52,2018,NA,3.9,NA,3.2
PL61,2018,9.7,4.1,2.2,4
PL62,2018,NA,3.6,NA,3.3
PL63,2018,NA,2.5,2.4,2.8
PL71,2018,9,3.5,2.9,3.7
PL72,2018,NA,4.3,2.9,4.2
PL81,2018,11,6.3,2.9,5.4
PL82,2018,NA,5.9,3.1,5.1
PL84,2018,NA,3.6,NA,3.1
PL91,2018,NA,2.6,1.5,2
PL92,2018,10.6,4.8,2.6,4.6
PT11,2018,6.7,7.5,5.7,6.7
PT15,2018,8.1,6.7,NA,7.1
PT16,2018,4.3,5.2,5.6,4.9
PT17,2018,8.5,8.5,4.7,7.1
PT18,2018,7.2,7.4,NA,6.9
PT20,2018,10,NA,NA,7.9
PT30,2018,6.6,NA,NA,7
RO11,2018,5.4,2.8,NA,3
RO12,2018,18.3,3.9,NA,5.3
RO21,2018,1.4,2.4,NA,2.1
RO22,2018,8.3,6.5,NA,6.4
RO31,2018,7.4,4.6,NA,4.7
RO32,2018,9.2,2.9,NA,2.5
RO41,2018,4.4,6.4,NA,5.3
RO42,2018,10.3,3,NA,3.4
RS11,2018,13.9,9.4,6,8.2
RS12,2018,14,8.5,6.9,9
RS21,2018,7.3,13.2,11.8,11.6
RS22,2018,11.5,14,12,13.1
SE11,2018,19.4,5.1,3.2,6.1
SE12,2018,22.7,4.9,4,7.3
SE21,2018,18.2,3.4,3.8,6.3
SE22,2018,22.7,8,4.7,8.9
SE23,2018,18.9,3.8,3.8,6.1
SE31,2018,21,5.2,3.1,7.3
SE32,2018,28.8,4,NA,6.7
SE33,2018,17.3,5.4,3.6,6.1
SI03,2018,10.1,5.1,2.9,4.9
SI04,2018,8.4,4.1,3.1,4
SK01,2018,NA,2.3,NA,2.3
SK02,2018,11.6,4.2,1.9,4
SK03,2018,30.3,4.9,3.8,6.1
SK04,2018,47.1,6.4,3.2,9.1
TR10,2018,14.5,17.2,13.5,14.8
TR21,2018,10.3,12.6,11.1,11.1
TR22,2018,6.4,10.5,10.2,8.3
TR31,2018,15.8,18.2,14.4,15.9
TR32,2018,7.5,11.3,11.5,9.2
TR33,2018,8.5,11.4,11.8,9.8
TR41,2018,11.6,11.3,10.4,11.2
TR42,2018,13.7,13.7,12.3,13.4
TR51,2018,15.3,15.4,12.3,14.2
TR52,2018,6.9,11,8.5,7.9
TR61,2018,12.3,16.1,12.8,13.3
TR62,2018,10.1,14.9,13.3,11.9
TR63,2018,17.2,19.9,18.8,18.1
TR71,2018,11,17.4,15,13.1
TR72,2018,13.2,16.5,14.8,14.3
TR81,2018,6.1,14.7,12.9,9.5
TR82,2018,6.2,10,9.1,7.5
TR83,2018,6.5,13,9.6,8.3
TR90,2018,6.7,13.1,15.2,9.8
TRA1,2018,9.5,14.7,11.8,11.2
TRA2,2018,8.5,10.3,15,9.5
TRB1,2018,8.4,10.3,12.6,9.8
TRB2,2018,24.4,30.5,26,25.7
TRC1,2018,15.2,14.5,15.5,15.1
TRC2,2018,23,26.3,21.1,23.2
TRC3,2018,31.7,30.2,28.3,30.8
UKC1,2018,12.1,5.1,2.6,5.6
UKC2,2018,10.2,5.8,2.9,5.6
UKD1,2018,NA,NA,NA,2
UKD3,2018,8.6,5.9,2.7,5.1
UKD4,2018,5.6,3.3,3.2,3.7
UKD6,2018,7.1,4,NA,3.2
UKD7,2018,5.7,4.7,1.9,3.8
UKE1,2018,5.6,5.5,NA,4.6
UKE2,2018,6.2,2.4,NA,2.7
UKE3,2018,10.2,5.4,2.8,5.1
UKE4,2018,8.4,4,3.3,4.6
UKF1,2018,6.5,4.1,2.6,3.9
UKF2,2018,6.6,4.7,2.4,4.2
UKF3,2018,7.6,3,NA,3.6
UKG1,2018,5.2,2.5,2.4,2.9
UKG2,2018,5.9,3.1,2.3,3.3
UKG3,2018,9.4,5.8,4,5.9
UKH1,2018,4.3,3.1,1.8,2.9
UKH2,2018,5,2.9,1.9,2.7
UKH3,2018,5.2,2.4,2.8,3.2
UKI3,2018,10.4,7.2,2.2,3.8
UKI4,2018,8.5,7.8,1.9,4
UKI5,2018,7.1,4.1,3.7,4.4
UKI6,2018,6.9,5.8,2.3,4.1
UKI7,2018,8.3,6.1,4.2,5.1
UKJ1,2018,5,3.1,2,2.8
UKJ2,2018,5.7,3.1,1.3,2.6
UKJ3,2018,5,3.1,2.8,3.2
UKJ4,2018,5.5,4.1,2.7,3.9
UKK1,2018,4.4,2.7,2.1,2.7
UKK2,2018,4,2.2,NA,2.1
UKK3,2018,NA,NA,NA,2.1
UKK4,2018,5.4,3.2,NA,3
UKL1,2018,6.8,4,2.8,4
UKL2,2018,4.4,4.6,1.6,3.2
UKM5,2018,NA,NA,3.8,3.2
UKM6,2018,NA,NA,NA,NA
UKM7,2018,5.2,2.8,3.1,3.4
UKM8,2018,7.8,4.2,3.6,4.5
UKM9,2018,5.6,3,2.2,3.1
UKN0,2018,4.9,3.4,1.1,2.7
AT11,2019,NA,4.5,NA,4.2
AT12,2019,11.5,3.8,2.4,4.2
AT13,2019,21.7,12.1,5.7,10.6
AT21,2019,11.5,4.4,3.2,4.7
AT22,2019,11.2,3.8,2.9,4.4
AT31,2019,8.3,3.3,2.8,3.9
AT32,2019,NA,2.9,NA,3
AT33,2019,7,2.8,NA,3
AT34,2019,NA,3.2,NA,3.6
BE10,2019,25.4,14.2,6.8,12.3
BE21,2019,6.6,3.8,3.3,4
BE22,2019,6.4,4.2,2.1,3.6
BE23,2019,5.9,2.6,2,2.7
BE24,2019,6.1,4.4,3.1,3.8
BE25,2019,5.6,3.5,2.3,3.3
BE31,2019,14,6.8,4.9,6.2
BE32,2019,17.6,9.5,3.2,8.3
BE33,2019,17.1,8.5,4,7.8
BE34,2019,11.2,5.2,NA,5.1
BE35,2019,14.1,7.1,3,6.1
BG31,2019,43.9,10,NA,13
BG32,2019,19.2,5,NA,5.7
BG33,2019,14.7,4.3,4.7,6.1
BG34,2019,8.1,4.2,NA,4.6
BG41,2019,12.4,4.2,1.6,3.6
BG42,2019,5.3,3.3,2.5,3.4
CH01,2019,11.3,7.9,6,7.6
CH02,2019,7.2,4.5,2.9,4.3
CH03,2019,9.8,4.8,3.4,4.7
CH04,2019,7.7,5.1,3.1,4.3
CH05,2019,7.2,3.8,2.6,3.8
CH06,2019,4.6,3.2,2.1,2.9
CH07,2019,12.2,6.7,4.5,6.5
CY00,2019,7.2,8.5,7,7.6
CZ01,2019,3.3,2.8,1.6,2.3
CZ02,2019,4.8,2.1,1.1,1.9
CZ03,2019,7.3,1.6,1.8,2
CZ04,2019,11.5,3.4,1.4,4
CZ05,2019,12.5,2,1.3,2.3
CZ06,2019,9.4,2.3,1.1,2.3
CZ07,2019,10.7,2.2,1.6,2.5
CZ08,2019,19.9,3.1,1.5,3.6
DE11,2019,7.4,3,NA,3.5
DE12,2019,NA,NA,NA,3.5
DE13,2019,NA,NA,NA,2.7
DE14,2019,NA,NA,NA,2.9
DE21,2019,NA,2.1,2.7,2.8
DE22,2019,NA,NA,NA,NA
DE23,2019,NA,NA,NA,NA
DE24,2019,NA,NA,NA,NA
DE25,2019,NA,NA,NA,3.8
DE26,2019,NA,NA,NA,NA
DE27,2019,NA,NA,NA,2.5
DE30,2019,19.5,5.4,3.3,6.1
DE40,2019,NA,4.2,NA,4.1
DE50,2019,NA,NA,NA,NA
DE60,2019,NA,NA,NA,4.8
DE71,2019,9,3.6,NA,4.2
DE72,2019,NA,NA,NA,5.1
DE73,2019,NA,NA,NA,NA
DE80,2019,NA,NA,NA,4.5
DE91,2019,NA,NA,NA,4.5
DE92,2019,NA,NA,NA,3.7
DE93,2019,NA,NA,NA,3.8
DE94,2019,NA,NA,NA,3.3
DEA1,2019,13.3,3.6,NA,5.1
DEA2,2019,7.9,3.8,NA,4.1
DEA3,2019,NA,3.2,NA,3.6
DEA4,2019,NA,NA,NA,3.7
DEA5,2019,12.2,3.9,NA,5.1
DEB1,2019,NA,NA,NA,NA
DEB2,2019,NA,NA,NA,NA
DEB3,2019,NA,NA,NA,4
DEC0,2019,NA,NA,NA,NA
DED2,2019,NA,NA,NA,3.6
DED4,2019,NA,NA,NA,NA
DED5,2019,NA,NA,NA,5.3
DEE0,2019,NA,4.9,NA,4.8
DEF0,2019,NA,NA,NA,3.4
DEG0,2019,NA,4,NA,4.2
DK01,2019,11.2,5.8,4.9,6.1
DK02,2019,10,4.7,2.7,5.3
DK03,2019,8.3,4.4,3.8,5.1
DK04,2019,8.1,4.1,5.7,5.5
DK05,2019,9.1,4.5,5.4,5.8
EE00,2019,13.6,7.4,4.8,7
EL30,2019,23.2,16.3,9.6,14
EL41,2019,17.5,17.8,13.7,16.5
EL42,2019,22,15.1,14.8,16.7
EL43,2019,16,20.4,13.1,17.3
EL51,2019,17.3,17.7,16.3,17.2
EL52,2019,21.8,21.4,12.9,18.4
EL53,2019,16,23.1,16.4,19.7
EL54,2019,16.9,23.6,10.8,17.8
EL61,2019,17.2,18,14.9,16.8
EL62,2019,18.1,19.1,8.1,15.9
EL63,2019,19.8,24.3,19.1,21.6
EL64,2019,16.4,19.8,20.8,19.3
EL65,2019,10.8,13.3,8.3,11.3
ES11,2019,14.8,13.1,9.4,12
ES12,2019,19.2,17,10,14.1
ES13,2019,17.7,12,8.8,12.1
ES21,2019,16.7,10.6,6.6,9.5
ES22,2019,16.4,9.8,7.1,10.1
ES23,2019,14.2,11.7,7.3,10.8
ES24,2019,17.4,11.6,7.8,11.7
ES30,2019,17.9,15.2,8.8,12.5
ES41,2019,17,12,8.1,12.1
ES42,2019,22.3,17.9,11.6,17.7
ES43,2019,27.3,22.5,12.8,21.8
ES51,2019,18.5,14.3,7.6,12.6
ES52,2019,20.3,17.4,11.9,16.2
ES53,2019,19.9,19.4,10.2,16.1
ES61,2019,29,22,14.6,22.3
ES62,2019,19,18.4,11.4,16.2
ES63,2019,36.4,19.4,10.1,24.5
ES64,2019,42.8,21.3,7.3,23.6
ES70,2019,29.1,21.1,17.8,22.6
FI19,2019,18.8,9,4,7.7
FI1B,2019,19.5,8.4,4.1,7.2
FI1C,2019,16.3,8.4,4.9,7.7
FI1D,2019,20.2,10,4.7,8.8
FI20,2019,NA,NA,NA,NA
FR10,2019,11.8,9.8,6.4,8.2
FRB0,2019,14.2,9.9,4.8,8.9
FRC1,2019,15.2,8.9,3.7,7.8
FRC2,2019,11.9,4.9,4,5.6
FRD1,2019,8.3,7,3.8,6.1
FRD2,2019,15.9,8.8,4.3,8.3
FRE1,2019,16.9,10.9,3.5,9.1
FRE2,2019,16.6,8.8,4.4,8.6
FRF1,2019,16.3,6.1,5.8,7.3
FRF2,2019,18.9,12.3,5.9,11.7
FRF3,2019,12.5,9.8,5.6,8.7
FRG0,2019,11.4,7.5,4.8,6.9
FRH0,2019,10.7,7.2,5.1,6.7
FRI1,2019,12.7,7.2,5.3,7.3
FRI2,2019,NA,8.4,NA,7.2
FRI3,2019,16.7,9.9,3.9,8.6
FRJ1,2019,17.6,9.8,5.9,9.2
FRJ2,2019,10.3,6.7,3.4,5.6
FRK1,2019,9.5,5.3,4,5.5
FRK2,2019,12.8,8.5,5.2,7.5
FRL0,2019,14.3,8.8,5,8
FRM0,2019,18.8,9.5,NA,8.1
FRY1,2019,24.7,17.1,9.9,17.4
FRY2,2019,13.7,16,6.9,12.4
FRY3,2019,25.6,17.2,NA,16.1
FRY4,2019,21.8,20.7,7.9,17.3
FRY5,2019,39.4,19.9,NA,27.8
HR03,2019,6.3,8,6.6,7.5
HR04,2019,10.9,8.3,4.7,7.5
HU11,2019,8.7,4.3,2,3.3
HU12,2019,10.7,3.1,1.6,3.3
HU21,2019,5.2,2.7,NA,2.8
HU22,2019,NA,2.4,NA,2.4
HU23,2019,13.6,4.4,NA,5.3
HU31,2019,10,4.7,NA,5
HU32,2019,16.1,6.5,2.8,7.3
HU33,2019,11.7,4.3,NA,4.7
IE04,2019,NA,5.9,3.9,4.9
IE05,2019,8.7,7.1,3.7,5.7
IE06,2019,8.6,7.1,4.4,5.8
IS00,2019,8.4,5.5,3.7,5.5
ITC1,2019,10.2,7.2,4.3,7.5
ITC2,2019,8.6,NA,NA,5.8
ITC3,2019,14,7.4,4.1,8.3
ITC4,2019,6.5,5.1,3.1,5
ITF1,2019,10.3,9,8.7,9.3
ITF2,2019,11,9.2,8.1,9.5
ITF3,2019,24.4,16.4,9.9,17.9
ITF4,2019,18,13.4,7.6,14
ITF5,2019,9.1,8.5,8.1,8.6
ITF6,2019,25.8,18.9,13.1,20.1
ITG1,2019,23.2,17.3,9.2,17.9
ITG2,2019,17.1,13.6,6,13.3
ITH1,2019,5.8,3.4,NA,3.8
ITH2,2019,7.4,5.3,3.2,5.3
ITH3,2019,6.5,6,4.4,5.8
ITH4,2019,7.9,5.4,3.8,5.6
ITH5,2019,7.7,5.8,3.4,5.7
ITI1,2019,8.2,6.7,4.2,6.6
ITI2,2019,12.2,7.5,5.7,8.2
ITI3,2019,8.4,7.4,6.1,7.4
ITI4,2019,13.3,9.5,5.1,9.1
LT01,2019,25,11.2,3.2,6.8
LT02,2019,22.2,11.4,4.7,9.3
LU00,2019,11.4,6.9,4.6,6.8
LV00,2019,18.4,8.8,5.1,8.1
ME00,2019,33,18,13.2,17.9
MK00,2019,21.4,16.1,13.7,16.4
MT00,2019,5.9,4.2,3,4.3
NL11,2019,9.1,5.1,3.5,5.2
NL12,2019,6.4,3.8,2.5,3.9
NL13,2019,7.5,3.4,NA,3.7
NL21,2019,6,3.5,2.2,3.5
NL22,2019,5.9,3.2,2.5,3.5
NL23,2019,8.2,3,2.5,3.9
NL31,2019,6.2,3.9,2.4,3.5
NL32,2019,7.1,4.1,2.6,3.9
NL33,2019,7.7,4.5,2.8,4.4
NL34,2019,4.7,2.2,NA,2.6
NL41,2019,6.4,2.9,2.6,3.5
NL42,2019,5.6,3,2.6,3.5
NO01,2019,11.8,5.7,3.2,5.1
NO02,2019,NA,NA,NA,3.8
NO03,2019,9,4.6,2.7,4.7
NO04,2019,9.1,4.4,NA,4.5
NO05,2019,9.4,3.8,2.9,4.3
NO06,2019,NA,NA,NA,3.2
NO07,2019,NA,NA,NA,3.5
PL21,2019,NA,2.5,2.8,2.7
PL22,2019,NA,3.1,1.7,2.7
PL41,2019,NA,2,NA,1.8
PL42,2019,NA,3.5,NA,3.4
PL43,2019,NA,NA,NA,NA
PL51,2019,NA,3.3,NA,3.1
PL52,2019,NA,NA,NA,2.9
PL61,2019,NA,3.6,NA,3.1
PL62,2019,NA,3.1,NA,3.1
PL63,2019,NA,3.8,NA,3.1
PL71,2019,NA,3.1,NA,3.1
PL72,2019,NA,4.7,NA,4.3
PL81,2019,NA,6.4,NA,5.7
PL82,2019,NA,4.2,3.8,4.3
PL84,2019,NA,NA,NA,2.8
PL91,2019,NA,3.4,1.6,2.5
PL92,2019,NA,5,NA,4.8
PT11,2019,6.6,8,6.1,6.8
PT15,2019,8.9,9,NA,8.3
PT16,2019,3.8,8,5.8,5.6
PT17,2019,9,9,5.7,7.7
PT18,2019,4.9,7.5,NA,5.9
PT20,2019,6.8,NA,NA,6.1
PT30,2019,6.7,NA,NA,7.9
RO11,2019,6.8,3.7,NA,3.8
RO12,2019,21.6,5.3,NA,7.1
RO21,2019,2,3.6,NA,3
RO22,2019,11.2,7.1,NA,7.4
RO31,2019,10.2,5.4,NA,5.9
RO32,2019,13.8,6.2,1.8,4.7
RO41,2019,4.4,6,NA,5
RO42,2019,11.3,4.4,NA,4.6
RS11,2019,12.2,8.3,5.8,7.5
RS12,2019,10.1,7.9,5.2,7.6
RS21,2019,5.6,10.5,12.9,9.8
RS22,2019,10.8,12,10.7,11.5
SE11,2019,23.4,6.5,4.5,7.6
SE12,2019,28.2,6.7,4.9,9.4
SE21,2019,24.2,5,3.3,7.7
SE22,2019,29.1,8,6.3,10.5
SE23,2019,22.6,5.6,4.7,7.6
SE31,2019,20.1,6.3,4.4,7.9
SE32,2019,26.7,5.6,NA,7.6
SE33,2019,17.1,5.7,4,6.2
SI03,2019,10.7,5.9,3.8,5.5
SI04,2019,11.3,5.1,2.6,4.4
SK01,2019,NA,4,1.7,3.4
SK02,2019,9.7,4.8,3.6,4.7
SK03,2019,29,6.2,3.7,6.7
SK04,2019,49.3,9.2,4.5,10.5
TR10,2019,14.5,17.7,12.9,14.7
TR21,2019,8.1,10.2,9.6,9
TR22,2019,6.1,9.1,9.7,7.8
TR31,2019,17.2,19,15.4,17
TR32,2019,8.7,11.2,10.2,9.6
TR33,2019,7.4,9.1,10.2,8.3
TR41,2019,9.3,11.1,8.7,9.7
TR42,2019,12.4,11.4,12.6,12.2
TR51,2019,16.2,16,12.8,14.8
TR52,2019,6.7,8.2,10.4,7.8
TR61,2019,11.8,14.6,10.9,12.2
TR62,2019,11.7,16.7,13.8,13.3
TR63,2019,14.9,16.9,14.5,15.2
TR71,2019,10.2,15.5,12.5,11.9
TR72,2019,12.3,13.7,12.5,12.7
TR81,2019,7.4,12.8,9.6,9.2
TR82,2019,5.3,7.5,9.1,6.5
TR83,2019,6.3,11.5,11.1,8.3
TR90,2019,6.7,11.2,11.3,8.8
TRA1,2019,8.3,12.9,11.2,10.1
TRA2,2019,10,14,14.6,11.4
TRB1,2019,9.2,13.1,10.5,10.5
TRB2,2019,22.5,29.9,22.1,23.6
TRC1,2019,12.3,14.4,13.5,12.9
TRC2,2019,20.4,22.5,16.1,20
TRC3,2019,34.1,34.9,29.9,33.4
AT11,2020,NA,5.1,NA,5.1
AT12,2020,15.2,4.4,2.6,5.1
AT13,2020,23.6,14,6.7,12.1
AT21,2020,11.3,5.8,3.6,5.6
AT22,2020,10.5,3.4,3.5,4.3
AT31,2020,8.2,3.1,2.8,3.7
AT32,2020,10,4.6,NA,4.6
AT33,2020,9.7,4.5,3.2,4.8
AT34,2020,NA,4,NA,4.1
BE10,2020,27.4,15.6,6.4,12.3
BE21,2020,9.3,6.4,3,5.2
BE22,2020,7.2,3.8,2,3.4
BE23,2020,7.5,3.2,1.7,2.8
BE24,2020,7.5,5,2.9,4
BE25,2020,9.1,3.5,2,3.6
BE31,2020,14.6,9.1,4.6,6.8
BE32,2020,19.5,11.3,5.2,10.3
BE33,2020,19.7,11.2,4.8,9.4
BE34,2020,10.9,4.9,4.6,5.6
BE35,2020,18.5,8.8,4.3,7.6
BG31,2020,37.3,8.9,NA,11.1
BG32,2020,25.3,5.6,NA,6.7
BG33,2020,15.4,5.2,NA,6.1
BG34,2020,14.9,4.2,NA,5.5
BG41,2020,11.2,4.5,1.2,3.5
BG42,2020,9.2,3.3,2.6,4
CH01,2020,12.6,8,5.3,7.7
CH02,2020,8.6,4.5,2.9,4.5
CH03,2020,9,5.6,2.8,4.8
CH04,2020,9.9,5.2,3.2,4.7
CH05,2020,7.5,3.8,3.3,4.1
CH06,2020,6.4,3,2.7,3.3
CH07,2020,13.9,8,5.3,7.8
CY00,2020,8.2,8.7,6.3,7.5
CZ01,2020,10.2,3.1,1.3,2.3
CZ02,2020,10.7,2.5,1.1,2.5
CZ03,2020,10.4,2,1.4,2.4
CZ04,2020,15.3,3.4,1.2,4.2
CZ05,2020,12.1,2,1.6,2.4
CZ06,2020,8.3,2.4,1.6,2.4
CZ07,2020,12.8,2.1,1,2.2
CZ08,2020,20.5,4.4,1.6,4.6
DE11,2020,6.6,2.5,2,3
DE12,2020,6.4,3.1,NA,3.3
DE13,2020,5.9,2.7,NA,3
DE14,2020,NA,2.4,NA,2.9
DE21,2020,5.9,2,2.4,2.6
DE22,2020,NA,NA,NA,1.8
DE23,2020,NA,NA,NA,2.5
DE24,2020,NA,NA,NA,3.3
DE25,2020,NA,3.5,NA,3.6
DE26,2020,NA,NA,NA,2.3
DE27,2020,NA,2.7,NA,2.9
DE30,2020,11.3,5.2,4.7,5.7
DE40,2020,NA,2.7,NA,3
DE50,2020,NA,NA,NA,6.8
DE60,2020,NA,4,3.4,4.4
DE71,2020,7.7,3.9,2.6,4.1
DE72,2020,NA,NA,NA,3.5
DE73,2020,NA,NA,NA,2.9
DE80,2020,NA,3.8,NA,3.8
DE91,2020,NA,2.9,NA,3.7
DE92,2020,6.2,2.3,NA,2.8
DE93,2020,NA,2.6,NA,3
DE94,2020,7.4,2.6,NA,3.4
DEA1,2020,9.4,4,2.5,4.5
DEA2,2020,8.8,3.3,2.8,4
DEA3,2020,8.5,2.4,NA,3.3
DEA4,2020,7.6,3.9,NA,4.1
DEA5,2020,9.2,3.7,NA,4.3
DEB1,2020,NA,NA,NA,2.9
DEB2,2020,NA,NA,NA,NA
DEB3,2020,8.6,4.1,NA,4.4
DEC0,2020,NA,NA,NA,2.9
DED2,2020,NA,3.5,NA,3.3
DED4,2020,NA,NA,NA,2.3
DED5,2020,NA,4.4,NA,4.5
DEE0,2020,15.2,3.5,NA,4.4
DEF0,2020,8.7,2.7,NA,3.4
DEG0,2020,NA,3.3,NA,3.2
DK01,2020,10.4,5.8,4.2,5.7
DK02,2020,8.7,4.1,3.6,5
DK03,2020,7.1,3.7,3.5,4.4
DK04,2020,8.2,3.7,4.3,4.8
DK05,2020,7.3,4.9,3.7,5
EE00,2020,14.4,6.9,3.4,6.2
EL30,2020,20.9,13.9,8.5,11.9
EL41,2020,12.1,16.5,10.4,13.8
EL42,2020,16.2,22.7,13,18.8
EL43,2020,14.5,19.4,13.1,16.3
EL51,2020,20,17.4,19,18.5
EL52,2020,15.9,19.8,11.7,16.1
EL53,2020,12.3,24.7,16,19.7
EL54,2020,14.6,18.8,10.4,15.1
EL61,2020,18.1,17.3,14.9,16.6
EL62,2020,14.3,14.7,NA,13.2
EL63,2020,15.7,19.9,15.6,17.4
EL64,2020,17.9,17.1,16.7,17.2
EL65,2020,12.5,15,8.9,12.7
ES11,2020,14.4,13.2,9,11.7
ES12,2020,16.8,14.5,9.3,12.5
ES13,2020,18,10.3,8.3,11.5
ES21,2020,19,11.7,6.2,9.8
ES22,2020,19.6,11.2,6.2,10.6
ES23,2020,16,13.2,7,11.5
ES24,2020,13.4,11.9,6.9,10.2
ES30,2020,17.9,14,7.6,11.6
ES41,2020,15.4,12.6,7.6,11.4
ES42,2020,19,17,10.3,15.6
ES43,2020,25.1,17,13.7,19.5
ES51,2020,17.5,13.5,6.6,11.6
ES52,2020,21.9,18,9.6,15.9
ES53,2020,19.8,15.7,10,14.8
ES61,2020,28.5,21.8,14.1,21.7
ES62,2020,18.7,14.7,9.1,14.3
ES63,2020,36,24,15.8,26.6
ES64,2020,34.9,18.7,8,19.8
ES70,2020,31.2,23.9,15.7,23.2
FI19,2020,17.2,8.3,4,7.6
FI1B,2020,17.6,8.1,4.8,7.7
FI1C,2020,15,7.4,4.9,7.4
FI1D,2020,15.2,8.1,4.9,7.7
FI20,2020,NA,NA,NA,NA
FR10,2020,13.9,9.4,5.8,7.9
FRB0,2020,13.1,7.2,4.5,7.2
FRC1,2020,11.2,7.9,4.7,7.1
FRC2,2020,17.1,5.9,4.9,7
FRD1,2020,10,6.3,5.3,6.4
FRD2,2020,13.2,7.8,5.1,7.6
FRE1,2020,17.1,10.4,4.5,8.8
FRE2,2020,18.4,9.3,5.8,9.7
FRF1,2020,12.5,7.7,4.7,7.1
FRF2,2020,14.6,9.7,5.3,8.9
FRF3,2020,15,9.7,4.6,8.5
FRG0,2020,9.7,6.2,4.6,6
FRH0,2020,11.7,6.3,3.9,5.8
FRI1,2020,14.8,7,6.2,7.4
FRI2,2020,NA,7.2,4.2,6.2
FRI3,2020,13.7,10.1,4.6,8.6
FRJ1,2020,21,11.9,7.3,11.4
FRJ2,2020,12,6.8,4.2,6.1
FRK1,2020,11.7,7.2,4.6,7
FRK2,2020,12.9,8,5.2,7.2
FRL0,2020,13.5,8.6,5.7,8.1
FRM0,2020,NA,9.5,NA,9.1
FRY1,2020,22,19.1,9.6,17.1
FRY2,2020,17.4,14.8,7.9,12.8
FRY3,2020,24.2,13.2,NA,14.6
FRY4,2020,26.6,19.5,8.5,17.9
HR02,2020,13.1,10.1,6.4,9.7
HR03,2020,9.8,10.5,6.8,9.4
HR05,2020,12.2,7.1,3.2,5.4
HR06,2020,7.8,4.5,3.1,4.6
HU11,2020,9.3,4.1,1.6,2.9
HU12,2020,7.5,2.8,2,3
HU21,2020,NA,2.2,NA,2.1
HU22,2020,7.5,1.9,NA,2.2
HU23,2020,12.7,4.3,NA,4.8
HU31,2020,11.8,5.7,2.6,6.2
HU32,2020,16.8,6.1,2.1,7.1
HU33,2020,11.9,4.2,NA,4.5
IE04,2020,NA,6.1,3.5,5
IE05,2020,9.6,8,4.4,6.4
IE06,2020,12.2,8.4,4.3,6.4
IS00,2020,10,5.9,4.1,6
ITC1,2020,10.3,7,3.7,7.3
ITC2,2020,10.4,6.5,NA,7.2
ITC3,2020,12.6,7.9,4.4,8.3
ITC4,2020,7.7,5.9,3.4,5.9
ITF1,2020,9.6,9.8,8,9.3
ITF2,2020,14.7,10.7,6.6,10.9
ITF3,2020,26.9,18,8.7,19.3
ITF4,2020,18,14.6,7.8,14.5
ITF5,2020,9.7,8.1,6.4,8.2
ITF6,2020,21.1,18.5,11.5,17.9
ITG1,2020,25,17.8,8.8,18.7
ITG2,2020,16.3,14.3,6.5,13.5
ITH1,2020,5.4,3.4,NA,3.8
ITH2,2020,7,5,NA,4.8
ITH3,2020,7.4,5,3.1,5.3
ITH4,2020,7.1,5.7,4,5.7
ITH5,2020,7.5,5.4,3.2,5.4
ITI1,2020,9.7,7.4,4.7,7.5
ITI2,2020,6.9,6.9,5.7,6.6
ITI3,2020,8.8,7.6,4,7.1
ITI4,2020,14.4,11,4.9,10
LT01,2020,16.7,7.5,2.8,4.8
LT02,2020,16.5,9.9,4.9,8.2
LU00,2020,8.4,5.4,3.9,5.2
LV00,2020,14.5,8.8,4.6,7.5
MT00,2020,4.8,3.9,1.6,3.4
NL11,2020,9.7,4.4,4.3,5.3
NL12,2020,5.8,4.1,4.2,4.5
NL13,2020,4.9,4,NA,3.5
NL21,2020,5.9,3.6,2.7,3.8
NL22,2020,6.8,3.8,2.5,3.9
NL23,2020,8.3,4.2,2.8,4.6
NL31,2020,7.5,4.7,2.2,4
NL32,2020,8.1,4.4,2.8,4.5
NL33,2020,7.7,5,4,5.1
NL34,2020,4.2,2.1,5.8,3.6
NL41,2020,6.3,2.9,1.8,3.2
NL42,2020,6.3,3.5,2.6,3.8
NO02,2020,NA,NA,NA,3.6
NO06,2020,NA,NA,NA,3.5
NO07,2020,NA,NA,NA,3.8
NO08,2020,12.5,4.4,3.1,5.2
NO09,2020,8.7,4.1,NA,4.4
NO0A,2020,10.6,2.5,2.3,3.9
PL21,2020,NA,4.1,NA,3.2
PL22,2020,NA,3.8,NA,2.9
PL41,2020,NA,2.4,NA,2.2
PL42,2020,NA,4.2,NA,3.5
PL43,2020,NA,NA,NA,NA
PL51,2020,17.5,4.8,NA,4
PL52,2020,NA,NA,NA,2.7
PL61,2020,NA,5.3,NA,4.4
PL62,2020,NA,3.8,NA,3.5
PL63,2020,NA,2.9,NA,2.3
PL71,2020,NA,3.9,3.6,4.4
PL72,2020,NA,5.2,NA,4.4
PL81,2020,NA,6,NA,5.1
PL82,2020,NA,5.3,3.8,4.8
PL84,2020,NA,3.7,NA,3.1
PL91,2020,NA,2.9,1.5,2.1
PL92,2020,NA,4.2,NA,3.8
PT11,2020,6.3,8.1,5.4,6.6
PT15,2020,9,9,6.3,8.2
PT16,2020,5,7,5.6,5.8
PT17,2020,8.4,8.4,4.6,6.8
PT18,2020,6.7,6.9,5.9,6.6
PT20,2020,8.2,NA,NA,7.2
PT30,2020,7,9.6,NA,7.9
RO11,2020,11.1,2.2,NA,3.1
RO12,2020,17.6,3.9,NA,5.1
RO21,2020,12.5,5.8,NA,6.8
RO22,2020,12.4,5.1,NA,6
RO31,2020,14.4,7.4,NA,7.7
RO32,2020,9.5,4.3,1.9,3.5
RO41,2020,21.2,8.9,NA,9.2
RO42,2020,NA,3.4,NA,3.5
RS11,2020,15.2,9.5,7.2,8.8
RS12,2020,14.9,9.3,6.6,9.5
RS21,2020,9.5,13.9,12,12.6
RS22,2020,16.7,13.9,10.8,13.6
SE11,2020,29.1,7.6,3.4,8.1
SE12,2020,31,7.2,4.4,9.7
SE21,2020,22.4,4.5,3.6,7.4
SE22,2020,30.8,7.8,6.6,11.1
SE23,2020,26.3,6.1,4.5,8.3
SE31,2020,25.3,7.1,4.8,9.6
SE32,2020,20.5,5.3,NA,6.1
SE33,2020,21.1,4.7,3.4,6.1
SI03,2020,9.4,5.5,3.4,5
SI04,2020,8.4,5.2,3.3,4.5
SK01,2020,NA,NA,NA,2.6
SK02,2020,NA,4.6,3.1,4.7
SK03,2020,40.3,6.7,3.9,7.4
SK04,2020,65.9,9.6,NA,10.9
